"pathway","pval","padj","log2err","ES","NES","size","leadingEdge"
"STK33_NOMO_UP",7.85462778223281e-10,1.484524650842e-07,0.801215574617779,-0.408658954748616,-2.06771708139195,234,"MMP1; CAB39L; ATG14; MTSS1; APPL2; CREBRF; ZEB2; EFNB2; NR1D2; OTUD1; FAM114A1; RAB12; NUAK1; SLC24A3; SDC4; RND3; FBXO32; KCTD3; ZIC2; GJA1; GASK1B; SLC11A2; DAB2; WNT5A; PTBP2; HBP1; PPP1R3B; AUH; BTG3; PTPRO; SGK1; ARNT2; EPAS1; FAM13A; NPEPPS; NKIRAS1; RNF149; CAPRIN2; EMP1; HINT3; ARRDC3; RIN2; NAMPT; CTTNBP2NL; STC1; HMOX1; ZBTB18; TBCEL; KIFC3; CGRRF1; FAM234B; DUSP5; CSRNP1; SEPTIN10; MAFF; UBE2W; GPR137B; LDAF1; STX12; DDIT4L; USP53; PPCS; CYP2E1; ASPH; SLC12A6; GNPDA2; ZFP36L1; ICAM1; YES1; GLIPR1; ANKRD12; AKTIP; PPP3R1; HNMT; STX6; DNAAF9; TWF1; CFL2; MAP4K3; FCHO2; FOS; MAP3K8; PPP1R15A; GPNMB; ZMYND11; CREBL2; DUSP1; TNFSF15; RETREG2; COQ10B; ULK2; KLF6"
"MYC_UP.V1_UP",3.19586499729473e-09,3.02009242244352e-07,0.774939030136436,0.44469896867853,2.13971207887921,162,"AHSA1; MON1A; METTL1; WDR4; TWNK; GEMIN5; PUS1; B3GNTL1; CGREF1; DENND2D; CHCHD10; RRP9; ALG3; SLC25A22; CCDC78; TRMT1; NEFH; P2RX5; ISOC2; ABCC4; CD320; CFAP70; SLC19A1; ADISSP; TSSC4; CCDC124; RRP12; RPTOR; REPIN1; DCTPP1; PRR7; NR2C2AP; POLR1G; ECE2; MRTO4; P3H4; NOC4L; LAS1L; ZNRD2; RPP40; SCFD2; TMEM201; SAC3D1; ABCC6P2; TTYH2; SLC27A2; QTRT1; IL17D; KLF16; POLR1E; PPRC1; EXOSC5; NLE1; MMP16; NOP14; DPP7; EEF1AKMT1; PLA2G4A; PES1; MNT; FAM216A; SPATC1L; NOL6"
"RPS14_DN.V1_DN",2.12693322051768e-07,1.3388629033952e-05,0.690132458796796,0.410515286943693,1.9964808161591,175,"GAL; SRM; DNAJA4; TWNK; RRS1; PYCR1; BYSL; NEFH; ISOC2; CHAC1; SLC43A1; MRPL12; MKI67; CD320; TUBGCP4; COLEC11; STEAP3; HGH1; LARS2; MYH10; BAG2; CDC20; KIF20A; BAG3; DOCK9; VARS1; CAD; BCAT1; PC; GPATCH4; ZC2HC1C; ATP1B2; TUBG1; ERCC2; MRTO4; TBRG4; MRPS2; TPRA1; RPUSD2; CBS; GEMIN4; USP5; TGM2; PCSK7; ZNRD2; TUBB2A; AGFG2; ASNS; CENPE; ZNF74; THEM6; MYBL2; AOC2; NMU; NLE1; EYA3; FICD; PES1; PLK1; SLC29A2; ERCC6L; EIF2B3; SPTB"
"STK33_UP",2.83357228231788e-07,1.3388629033952e-05,0.674962860011025,-0.375251302766656,-1.89559811573308,230,"BMF; MMP1; ATG14; CD36; MTSS1; APPL2; TFPI; CREBRF; ZEB2; OTUD1; CDKN1B; RAB12; NUAK1; RND3; GJA1; GASK1B; TRIB1; WNT5A; HBP1; AUH; BTG3; PTPRO; SGK1; TP53INP1; RTN1; NKIRAS1; RNF149; MAFB; SMIM14; EMP1; HINT3; ARRDC3; CCN3; RIN2; PKIB; NAMPT; STC1; HMOX1; ZBTB18; ADM; DUSP5; CSRNP1; SEPTIN10; MAFF; RNF141; UBE2W; GPR137B; NME7; STX12; SNX16; USP53; DYNC2LI1; PPCS; GPR137C; FAM177A1; ASPH; SLC12A6; ANKRD40; GNPDA2; ZFP36L1; ICAM1; GLIPR1; ANKRD12; ZNF117; SAMD8; AKTIP; PPP3R1; HNMT; STX6; DNAAF9; TWF1; CYTH2; GPR34; CFL2; MAP4K3; FCHO2; PRTFDC1; FOS; PPP1R15A; SOCS6"
"MTOR_UP.N4.V1_DN",3.07117924932071e-06,0.000116090575624323,0.627256739718528,-0.390053969870898,-1.87679151674512,164,"YPEL5; DACH1; TFPI; CCDC28A; SYF2; POLR2J4; NR1D2; MARF1; FBLN5; S1PR1; ZBTB20; CCNG2; HES1; ZNF682; HBP1; EPM2A; ZNF14; SPRY1; SLC23A2; DCAF16; CLK1; HSD17B11; ANXA5; CARF; GARRE1; ZNF277; PCMTD2; PBXIP1; IFT140; SOS2; CBFA2T3; ING4; HOXA7; TXNIP; PLCL1; LZTFL1; PDCD4; ELAC1; ZNF180; SPATS2; MRE11; RCOR3; CLK4; ZNF443; CYP2E1; KRBOX4; MARCHF8; MSANTD2; ST8SIA4; HSPBAP1; BCKDHA; ZNF711; IGBP1; ZNF117; RNF44; TRA2A; PNRC1; BCOR"
"KRAS.KIDNEY_UP.V1_UP",3.52057721713722e-05,0.00110898182339822,0.557332238758646,-0.408237051804853,-1.86527018099103,113,"CAB39L; GPM6A; SATB1; NRXN1; SORBS1; PNMA2; RCAN2; TSPAN7; FGF9; CPEB3; CP; PLSCR4; ATP1A2; RTN1; SLC6A15; HEY1; TRIB2; MPZL2; MAFB; PELI2; EMP1; GABRA1; GRIK2; CFAP69; GABRR2; NRN1; NOL4; PLCL1; GPRC5B; GPR19; TRIM9; CCND2; TRIM2; GAD1; NEBL"
"MTOR_UP.N4.V1_UP",9.28385637132891e-05,0.00250664122025881,0.538434096309916,0.35131703909075,1.71079409890446,178,"HERPUD1; SDF2L1; CCDC86; ACACA; RRP9; SLCO4A1; PYCR1; GUCY1A1; SLC1A5; NANS; SEC24D; RABEPK; ISOC2; CHAC1; CEBPB; MRPL58; SLC43A1; CLPB; FAH; ABHD6; MAP1A; LARS2; GAS2L1; TIMM44; GOT1; HYAL3; RRP12; GALE; DDIT3; VARS1; MARS1; PSPH; ASPHD1; SPRED2; BCAT1; COX10; PHACTR2; COASY; LGMN; TBRG4; PUM3; PCK2; SLC39A14; SLC39A4; TUBB2A; NIBAN1; ASS1; ASNS; IDH3A; CDK16; PJA1; MFAP4; SLC7A5; ANXA3; EIF4EBP1; SYNPO; MGAT4A; BSPRY; ULBP1; RBM28; SREBF1; ZPR1; EIF2B3; CHORDC1; TRIB3; DHCR7; LHX2"
"EIF4E_UP",0.000134254599770545,0.00317176491957913,0.518848077743792,0.416748329202113,1.82225328284288,90,"AHSA1; MON1A; METTL1; CKMT2; NPM3; NOP16; ISOC2; NKX2-8; TUFM; SNRNP25; SRXN1; MDH2; TALDO1; CAMK2N2; MYH6; MAP2K3; UROS; RGS3; ZNRD2; ZNF576; PFDN2; ATP8B3; ATP5MF; MAPK8IP1; DNPH1; RSAD1; BOLA1; VPS28; GEMIN6; TMEM11; PHYKPL; UQCC4; SNTB1; FBXL13"
"IL2_UP.V1_UP",0.000378801798064579,0.00795483775935615,0.49849310876659,0.349272028959288,1.65881908834344,149,"EGR1; KIF1C; TWNK; PUS1; RHBDF2; SLCO4A1; LRP8; SLC1A5; VDR; HEG1; ABTB2; PRAF2; URB2; PYCR3; TNFRSF12A; ALDH4A1; EGR2; RHOB; ATG101; TBC1D9; RPP25; GPT; SPATA2L; PRR7; POLR1G; CDCP1; SH2D4A; CCDC85B; ESRP2; KIF13A; TNFRSF1B; TM4SF5; HABP4; ZNF343; RGS3; TPBG; IL1A"
"LTE2_UP.V1_UP",0.000639454578860684,0.0120856915404669,0.477270815362862,-0.329848208559425,-1.60337597039209,176,"DPYSL2; SOAT1; LMO4; MARCKS; BTG1; APPL2; RLN2; RAB40B; DEGS1; AOX1; RPS6KA5; DAB2; EFCAB11; UST; ATP6V1H; HMGCS2; BNIP3L; KLHDC2; RRAGD; INSIG2; PROS1; EPAS1; NUDT4; NIPSNAP2; PGM1; NPC2; SLC9A6; RMND1; RIN2; RHOQ; NOVA1; CXCR4; CGRRF1; DSC2; GCLM; SEPTIN10; ABCC3; NUP43; RAB27A; GGH; MEIS2; ELF5; MMP9; RAB4A; HSD17B14; ASPH; SOWAHC; STAU2; BACE2; SDCBP; NUMB; OPN3; EHF; PNRC1; HMGCS1; PPP1R3C; GLTP"
"MEL18_DN.V1_UP",0.000929706704049734,0.0159740515514,0.477270815362862,0.360106507632338,1.65216795947286,119,"GAL; SND1-IT1; SLCO4A1; ABLIM3; SLC1A5; P2RX5; TGFB2; PTHLH; LRIG1; STEAP3; SLC19A1; ITGA4; GPR3; NRP1; ECM1; SLC1A4; SLC22A4; GNB3; ATP13A2; KMT2A; ADGRE5; CDCP1; TYRO3; P3H3; TMEM51; ADAM12; LHFPL2; CSF1; INHBA; KCNN3; PLXNA1; INHBE; MMP15; LAMB3; C2CD2; STX1A; SLC7A5; ABCC5; ITGA3"
"CAMP_UP.V1_DN",0.00128548790381839,0.0180603357173582,0.45505986738723,-0.315068942161652,-1.54144863405737,183,"PTPRD; FOXN3; SH3PXD2A; CELF2; KBTBD11; ID2; ENO2; TIMP2; SERINC1; EIF4B; RERE; FSTL1; TARBP1; ZMIZ1; STXBP1; RAB31; RNF138; PLS3; DGCR5; NPEPPS; JARID2; ME1; UBTD2; CLK1; TSPAN5; NYNRIN; INSIG1; SRRM1; CDCA7L; NAP1L1; ATL1; RETREG3; TUBB2B; MBD2; GLO1; MED4; CCND2; SRSF2; SMARCC1; DDAH1; UBE2E2; HINT1; MAL2; PAM; GEM; ITSN1; TMEM97; MAP4K4; TMSB4X; NDRG1; PFKFB4; RAP2A; TTYH3"
"RAF_UP.V1_DN",0.00115129616585048,0.0180603357173582,0.45505986738723,-0.324981501884066,-1.5837081640544,178,"PMP22; DLC1; ACKR3; VAV3; TFPI; EFNB2; ELAPOR1; CAV1; CCND1; ID2; SLC24A3; RND3; MXI1; PTBP2; TSPAN3; TGIF2; SLC1A1; BTG3; SDC2; ARNT2; SOX4; EPB41L4B; SMAD7; MAFB; CRABP1; TM4SF1; ARL3; ADGRG1; FAM234B; CBFA2T3; STC2; PCGF3; IGFBP4; FTO; PDCD4; EIF2S3; SH3BGRL; CTNNAL1; TFAP2A; TMEM268; DNAJC12; DDIT4; SLC19A2; SHROOM2"
"TBK1.DF_UP",0.00133780264573024,0.0180603357173582,0.45505986738723,-0.284360006400925,-1.46315722133816,267,"KLF11; RHOBTB1; BTG1; BEX4; OSBPL2; RLN2; DEGS1; SERTAD2; ENO2; TMEM45A; DCUN1D2; WWTR1; TRAPPC2; DAB2; TMEM50A; RNF103; CRABP2; BTG3; NRBF2; PROS1; TMEM41B; LAPTM4A; EPB41L4B; NUDT4; PLEKHF2; DERA; RIN2; NFIL3; STX3; CAMK2G; SWAP70; GARRE1; HMOX1; RNF38; ADGRG1; CGRRF1; GPR107; BID; SNX24; DUSP5; ZDHHC6; TUFT1; SLCO3A1; SLC30A1; PHF10; STX12; PHTF2; GCA; GINS1; RAD51AP1; DNAJB6; NT5C2; MMP9; SLC33A1; C1GALT1C1; FZD6; PTK6; OPN3; SLC39A6; UBA3; IQCK; CLDN4; CXCL8; GOLGA8A; SIRPA; SNX10; SLC2A3; RAB21; GALNT10; GTF2E1; EFNA1; VAMP3; TTC33; TP53BP2; CHIC2; PTK7; PPP3CC; LRP12; UXS1; EXTL2; ANKMY2; LPXN"
"PRC2_EED_DN.V1_UP",0.00147224236957218,0.0185502538566094,0.45505986738723,-0.326648830867306,-1.54994453552747,149,"MTSS1; RAB40B; SATB1; HOXC8; HOXA2; ZBTB20; ADGRF5; TRIB1; PTBP2; FUCA1; CLGN; ERMAP; PLSCR4; ZNF226; SLC6A15; PKD2L1; ENPP2; CTSO; CD5; ZNF277; RNF38; CDKN1C; SCTR; PCGF3; DKK2; TUFT1; ANGPTL4; TAF11; CCND2; CBR4; PRELID3B; PTPN7; SLC35D2; NXPH3; DNAJC12; BACH1; SERINC5; NR3C2; CDK2AP1; ARHGAP24; CYP1A1"
"ATF2_UP.V1_UP",0.00173283139254846,0.0192650078348034,0.45505986738723,0.347932061734237,1.60821942588995,125,"SCUBE3; APOD; TRPM2; ADM2; GNA14; ABLIM3; TRIM14; DENND2A; LIPE; PITX1; NME3; SMARCAL1; ICAM2; PCDHA9; ATP13A2; CLDN15; UPP1; PCDH1; CD8A; KRT81; PIN1; FOXL2; TCIRG1; LAS1L; NRXN2; PAX1; ARHGAP22; ENDOG; ZNF324B; GMPPB; CARD9; TCIM; EEIG1; CENPO; GTF3C5; CEP41; RBP1; GINS3; NFKBIB"
"PRC2_EED_DN.V1_DN",0.00169293551654476,0.0192650078348034,0.45505986738723,0.314268599250266,1.53648287571079,182,"NHERF2; DDX31; MFHAS1; ALG12; CLPB; LIPE; POLA2; RANGAP1; MAP3K6; SIPA1; SURF2; ATP13A2; VARS1; CAD; TBL3; PWP2; PC; FKBP5; RECQL4; TRMT2A; ERCC2; ASF1B; TEDC2; DNAJB2; TCIRG1; HIVEP3; PRICKLE3; SLC12A4; GALK1; H1-10; TACC3; CORO1A; PCDHGA3; TOP3B; QTRT1; NUP188; HS6ST1; FBXL6; DLK2; FASN; MYBL2; KCNA4; WIZ; ABCB8; RAD54L; TAF1C; TKFC; CHST3; DBF4B; BBC3; GNAI2; BTBD2; AMDHD2; EHMT2; VAC14; PLK1; TRPM4; CDCA8; FZD8; RASSF1; PRMT7; ZNF446; MCM10; USP20; ARRB2; ITPKB; XRCC3; INCENP; MCM2; RAPGEF1; MICAL1; ODF2"
"ESC_V6.5_UP_LATE.V1_UP",0.00190320515269851,0.0199836541033344,0.45505986738723,-0.328548890279973,-1.57228331261501,158,"FBXL20; GATAD2B; OCLN; GAS1; SATB1; CCNG2; PRXL2A; LCP1; DAB2; RNF130; TSPAN7; LMBRD1; BMP2; CDH2; WLS; MYLIP; HEY1; CTDSPL; PLOD2; SMIM14; HLA-B; LPIN2; TNNC1; MICU1; FAM107B; SH3RF1; TMPRSS2; SGCE; LOXL2; PCMTD2; FOXA1; VEGFB; APP; GPRC5C; PRKACB; ARFGAP3; RNF128; EGLN3; SLIT3; TTR; NDRG1; CLDND1; GPC3; CASTOR3P; P4HA1; SAMD8; OPN3; SELENOP; PTH1R; RIPK4; APOM; EFNA1; STX7; AMOT; DPP4; STX2; NARF; CD55; COL2A1; GPX3; PJA2; MFAP2; PRICKLE1; FRAT2; ARID3B; H1-0; VIL1; RETREG1; P4HA2; BPNT2; MOSPD1; MYO6; FZD2; PRSS8"
"CAMP_UP.V1_UP",0.00267049324623334,0.0265643801862159,0.431707695803346,0.306017671426496,1.50567324971662,194,"HSPA5; ATP1A1; SMG1P5; RUVBL1; TRMT61A; HSPBP1; XIST; PYCR2; TOMM40L; PPIB; EARS2; TYMP; SLC25A11; NUAK2; CCDC124; NME1; SLC35A4; DPAGT1; COL6A3; MRPS18A; MARS1; UPP1; GMPPA; MDH2; HAX1; POLR3H; AARS1; TMED9; WDR24; CNDP2; SEC13; SESN2; GATD3; CZIB; SEC61A1; URM1; AATF; CLPTM1; ATP5MC2; HSP90B1; KANSL1; RPN1; MYC; DPM2; ATP5F1B; SIL1; NDUFV1; ACO2; CEP41; PEX12; COPE; PRMT1; RBCK1; COX8A; SRPK1; TGFBI; DDX23; ARF1; HDLBP; EIF2B3; PDE4DIP; FLOT1; AAAS; P4HB; ZDHHC23; SELENOS; SMYD5; NDEL1; DIP2B; RHOT2; ECSIT; SCARB1; MRPL15; ALAS1; IFITM3"
"CYCLIN_D1_KE_.V1_UP",0.00318157748658335,0.0300659072482127,0.431707695803346,0.316407957940765,1.52657928751165,166,"CGREF1; TRAF1; CDK6; CDKN1A; PPIB; PPM1F; TTLL12; HSD17B10; GOT1; HSPH1; IFRD2; FGFR4; GPT; THOP1; MGAT5; ST3GAL4; PLCB2; TPTEP1; LTBR; COASY; PPID; E2F4; FOXK2; RGS3; SCAP; MUC5AC; COX17; DNASE1; MMP15; ZYX; ZNF787; S100A2; ASNS; CDKN2A; SNRPC; KIFC1; PTPN3; TRIO; PMPCA; LMF2; GCHFR; CRIP1; SMTN; SNX17; CDR2L; GNAI2; EIF5A; PRRC2A; SLC6A3; MASP1; ATXN1"
"ESC_V6.5_UP_LATE.V1_DN",0.00371311315223764,0.0334180183701388,0.335068558717014,0.312424041010651,1.497171379225,158,"SFN; RRP9; MDN1; TASOR2; PHB1; JAM2; NEFH; CHAC1; SPRY4; FTSJ3; TMEM79; PRADC1; RRP12; RPP25; C11orf24; MTG2; BDH1; CLTB; ADA; GPATCH4; FAM169A; HES7; C16orf89; ARMC6; ANXA1; NOL12; ACOT8; INHBA; TIMP1; TTYH2; TFEB; SLC27A2; MYC; MGP; BIRC6; BCL3; WDR46; TAF1C; BGN; FBXO15; EEF1AKMT1; GPX2; TRMT1L; VAC14; NUPR1; EXOSC1; PRCC; GADD45A; TRIB3; TEX14; ETV4; PTCD1; ZBTB21; RASIP1; ZNF428; PLA2G1B; PLK3; NPHS1"
"IL2_UP.V1_DN",0.00405022276225192,0.034795095548437,0.326351610990907,-0.325552808204553,-1.53175898589005,139,"RHOBTB1; ABCD2; PBX1; NUAK1; CD34; SDCCAG8; CCNG2; ACP3; COLQ; DEPTOR; HBP1; TSPAN7; ARNT2; SLC17A5; TRIB2; MAGI2; RIN2; GUCY1A2; BTN3A3; ARHGAP6; CD72; PBXIP1; CDKN1C; TXNIP; PLCL1; ZSCAN16; TEK; PDCD4; SSTR5; EFNA4; H2AJ; UTY; BTN3A1; MAP2K6; PPP2R5C; TMEM19; PRKG1; SNAI2; PNRC1"
"CRX_DN.V1_DN",0.0061131926641688,0.0502344962403436,0.260820567718869,0.337016979127066,1.52607132192089,109,"EGR1; ZDHHC14; SEL1L3; CRYBG3; PYCR1; CHAC1; CEBPB; CDKN1A; TNFRSF12A; LAD1; NFKB1; RBP4; GDAP1L1; ST3GAL3; TUBB6; FKBP5; TAGLN2; STEAP4; WWC1; LRRC4; TLE1; TGM2; COL4A2; TIMP1; HNF1A; FMN1; KSR1; ATP8B2; TMBIM1; PLEC; FABP5; IRF5; BCL3; SPSB2; CALCA; CD44; RAI14; CCKBR; LIN28A"
"CYCLIN_D1_UP.V1_UP",0.00703399765533412,0.0553927315357562,0.241698386096655,0.309634651460309,1.47056685811734,149,"EGR1; WNT10B; CGREF1; TRAF1; RABEPK; WT1-AS; MKI67; PPIB; SLC19A1; TTLL12; HSD17B10; GOT1; GPT; KMT2A; MGAT5; ST3GAL4; PCDHGA12; MSN; APOA1; CYP2A7; LTBR; FDXR; COL4A2; PCSK7; PTMS; SCAP; MUC5AC; H3C2; SLC12A4; COX17; MMP15; ZYX; KSR1; SNRPC; NDUFB7; PTPN3; GCHFR; DVL1; SMTN; EIF5A; PRRC2A; SLC6A3; MASP1; BMP1; GADD45A; CENPB; ETV4; RASSF7; FCGBP; PLK3; TRIM25; PCGF2; SUPT5H; RPS6KA1; RRAS; EMC1; PPP5C; TRPC3; ITGB1BP1; THY1; CPT2; AXIN1; ID1; SLC6A9; EPHA2; HTR6; ANPEP; PAX2; ABLIM1; DMWD; ADRA2A; MARK3"
"ESC_J1_UP_LATE.V1_DN",0.0088339222614841,0.0667844522968198,0.215782858966574,0.3030444212741,1.44435005990349,153,"EGR1; SFN; QSER1; RRP9; MDN1; SLC1A5; PHB1; JAM2; NEFH; INTS6; SPRY4; PHLDA2; NAA10; DDX49; MRPL18; LMNB2; RRP12; RPP25; NAPSA; MTG2; CLTB; DOC2A; POLR3K; HELB; GPATCH4; ARMC6; RPP40; NIBAN1; ENDOG; CORO1A; TFEB; SLC27A2; ZFP62; DDX27; TMEM121; MYC; DHODH; BCL3; NXF1; EVC; GPX2; BMS1; EDN1; ERCC6L; EXOSC1; TRAIP; HCK"
"EGFR_UP.V1_DN",0.009993881297165,0.0726478294293917,0.206652311234449,-0.291433623869586,-1.42248589332083,179,"DLC1; ACKR3; EFHD1; EFNB2; ELAPOR1; MARF1; ADD3; CAV1; ID2; PTBP2; ANXA9; SLC1A1; BTG3; SMAD7; MAFB; DERA; TSPAN5; TCAF1; NDUFA5; CARF; NET1; ARMCX1; SGK3; GRB10; ARL3; PCMTD2; FAM234B; CBFA2T3; ZNF43; PRKACB; FTO; PDCD4; CBR4; EIF2S3; ENPP4; CLK4; TBL1XR1; DNAJC12; ELF5; CENPU; MFF; CASP6; ALG13; SNX7; PCYOX1; ZNF273; POT1; PHF20; GOLGA8A; ARL4A; GALC; OSR2; EPS8; SYCP2; GPATCH1; NREP; ANGEL2; TSC22D3; BRIP1; ELOVL5; CHN1; CCN5; MICB"
"IL15_UP.V1_UP",0.0119187182493161,0.083431027745213,0.184915881971771,0.295919464177042,1.41530410899718,156,"EGR1; KIF1C; TWNK; PUS1; SLCO4A1; LRP8; SLC1A5; VDR; HEG1; RAB40A; URB2; PYCR3; TNFRSF12A; EGR2; RHOB; ECM1; IRF2BP1; RPP25; GPT; NOP2; POLR1G; SH2D4A; CCDC85B; ZNF343; RGS3; PAX1; IL1A; TIMM50; ZNF205; PLEC; MFSD12; TPST2; SLC7A5; SPINT1; KCNJ9; PLAC4; HRH3; TET3; LIME1; UTP3; LLGL2; SLC29A2; SLC66A1; ETV4; CAPN10; TRMU; DUSP6; PMM2; ELMO3; DUSP2; AP3M2; ZBTB48; AK4P3; CISH; ADAM19"
"WNT_UP.V1_UP",0.0133464180569185,0.0900883218842002,0.175004015942342,0.311952746610697,1.43976592256299,124,"GNMT; SFN; CCDC86; CKMT2; C8G; CLEC16A; HYOU1; MAPKBP1; AP1B1; MAZ; INSRR; NLRX1; DHCR24; MTF1; MKLN1; STS; A4GALT; SYT9; POSTN; CHRNB2; SERPINF1; MAPK8IP1; TFF3; CKAP4; KIFC1; AP2S1; FABP5; KCNJ9; RBPMS; POLD2; AURKB; MYO5B; LRG1; FICD; LCAT; RAD9A; TEN1; NBL1; MYOM1; UBXN11; P2RY2"
"RB_P130_DN.V1_UP",0.013877874702617,0.0904454592687796,0.172450317477257,0.32058989824368,1.45743585035826,113,"SDF2L1; RABEPK; CRLF1; NKX2-8; RUVBL2; TEAD1; NSMCE1; HYAL3; KIF20A; STMN3; MIGA2; CMTM7; DCTPP1; RASD1; TRAF2; ATP2A3; PIMREG; ZBTB12; POLR2I; CRB3; KAZN; LSM4; CHCHD6; QTRT1; SIM2; ELOF1; PARS2; GFER; SELENOH; POLD2; MYLK; AURKB; MBD3; CUEDC2; RGL3; OXLD1; SLC7A9; UBE2C; H2AC8; ZNF428; SGSM3; TRAF4; EFTUD2; AURKA; SEMA5B; SLC29A1; ENKD1; PDZK1; RENBP"
"CORDENONSI_YAP_CONSERVED_SIGNATURE",0.0153478174207694,0.0936756542426646,0.164313492356652,-0.387976838963259,-1.5533050242474,56,"PMP22; DLC1; MARCKS; BICC1; DAB2; TSPAN3; FSTL1; CAVIN2; SGK1; STMN1; AMOTL2; ETV5; DUT; DDAH1; GGH; CCN1; NDRG1; COL4A3; FSCN1; PDLIM2; BIRC5; DUSP1; HEXB; TNS1; MDFIC; LHFPL6"
"P53_DN.V2_DN",0.0158604282315623,0.0936756542426646,0.161159145661682,0.315838125845529,1.43583378652609,113,"RAD52; PCDHB13; CFD; GPR75; LIPE; EPHX2; ITGA4; TAF12; SLC24A1; BEST1; BCAT1; FKBP5; TINAGL1; TULP2; H1-4; CLTCL1; CCNF; PGF; GZMM; PRICKLE3; SERPINF1; C5AR1; BMAL1; QTRT1; SIL1; C1orf21; KCNJ9; NFKBIB; MMP16; SNTB1; LLGL1; EVC; NOL3; PLEK2; SLC6A3; SREBF1"
"STK33_SKM_UP",0.0155775844628768,0.0936756542426646,0.164313492356652,-0.267585598772642,-1.34840601658125,226,"BMF; RGCC; CD36; APPL2; TFPI; CREBRF; MXD1; RND3; TRIB1; ZNF682; TMEM107; ERMAP; PTPRO; SGK1; TP53INP1; RTN1; MAFB; SMIM14; HINT3; ARRDC3; CCN3; PKIB; NAMPT; HMOX1; ADM; CDKN1C; DUSP5; RNF141; UBE2W; GPR137B; STX12; GDPD1; SNX16; DYNC2LI1; PPCS; ZNF254; MYEF2; GPR137C; FCHSD1; ZNF432; FAM177A1; EPB41L5; ASPH; SLC12A6; BAZ2B-AS1; ETV1; GLIPR1; SH2B3; SOWAHC; CDK2AP1; ZNF117; SAMD8; STX6; ZNF675; ATRX; TWF1; GPR34; CFL2; FCHO2; PRTFDC1; FOS; CTSK; SYCP2; SLC7A11"
"BCAT.100_UP.V1_UP",0.0167164179104478,0.0948955888402255,0.157220069393743,-0.420570441072869,-1.58051349555416,42,"EFEMP1; ENO2; LMO2; CAVIN1; ENPP2; MICU1; ETV5; ENC1; TBX3; BMP4; SORBS2; GAD1; QPCT"
"P53_DN.V1_UP",0.0170711641299877,0.0948955888402255,0.158177999589196,-0.279707025719631,-1.37042282536553,185,"EFEMP1; MMP1; FOXN3; MARCKS; EFNB2; EDIL3; TSPAN8; KRT19; SDC4; CD24; RNF11; GLUL; KLF5; CAT; PPARG; COL13A1; ANXA2P1; PTN; GRIK2; INHBB; CXADR; SUN1; BCL10; ADM; DHRS3; EPCAM; DSC2; MAFF; FBLN2; BMP4; COL3A1; TMEM30B; NEBL; SAP30; CCN1; ENPP4; NKX2-1; MEIS2; BCAR3; TOX3; RRAS2; YES1; DSP; CDK2AP1; FYN; CRYBG1; SH3GLB1; ZNF415; SYNJ2; BIRC2"
"CSR_EARLY_UP.V1_DN",0.0188717532467532,0.100423979491225,0.149308206900753,-0.308189615305731,-1.41611362242189,118,"OTUD1; CDKN1B; STX16; HBP1; STAT2; ARL4D; UFSP2; CAVIN2; CIRBP; ZNF226; NYNRIN; HOXA10; ARRDC3; ANKZF1; NPHP3; ADM; DHRS3; SLC7A14; ZNF33A; ING4; FBXO25; STC2; FBXO38; TXNIP"
"NRL_DN.V1_DN",0.0191283770459475,0.100423979491225,0.146151534304949,0.313467320793176,1.41943438535623,109,"GSDME; PNP; SWSAP1; CRYBG3; METRN; TSPAN33; CLPB; NFKB1; DNAJC9; PIK3AP1; RIOX2; LMNB2; ST3GAL3; ELOVL2; ADGRA2; BST2; TMED9; PTPN13; WWC1; GZMM; MFNG; ADRB1; RNF25; PLEC; MOGAT1; IL17D; CALCA; PRMT1; BSPRY; TTLL1; CCKBR"
"BMI1_DN.V1_UP",0.0217221135029354,0.110958904109589,0.136483198012004,0.300358424492506,1.39087302394646,126,"GAL; LRRC15; SLC5A6; SLCO4A1; SLC1A5; TGFB2; PTHLH; LRIG1; SLC19A1; ITGA4; SLC1A4; SLC52A2; PANX1; LRP5; ATP13A2; KMT2A; ADGRE5; PLXNA2; CDCP1; P3H3; TMEM51; ADAM12; MARCHF3; FKRP; POMT2; LHFPL2; CSF1; INHBA; INHBE; MMP15; LAMB3; TCIM; STX1A; TRIO; SLC7A5; ITGA3; ANXA3"
"ALK_DN.V1_DN",0.0237482683554324,0.118116387346756,0.131183404131763,0.323703750089524,1.41956541960881,92,"HSPA1L; CEACAM6; DNAJA4; RPL23AP7; PROZ; PCDH8; STUB1; THSD4; DNASE1L2; IRF9; DOC2A; ABHD8; TEDC2; SLC10A1; GPR162; CIDEB; PAX1; KCNN4; KAZN; SEMA3E; CEP41; PTPRZ1; KCNJ9; COL9A3; PSORS1C1; GPX2; KIAA0408; SPTB; IFI27; FZD8; PPP2R1A"
"ESC_J1_UP_EARLY.V1_DN",0.0261091480172752,0.120356804274757,0.124499976253388,0.283153733791904,1.34954839506622,153,"EGR1; SFN; METTL13; QSER1; MDN1; GNA14; PHB1; SPRY4; TNFRSF12A; SLC16A2; ACTA1; RRP12; RPP25; C11orf24; NAPSA; MTG2; ATF5; MRPS11; HYAL2; RRP8; GPATCH4; RELB; ANXA1; ADAP2; NOL12; DNAJC30; TFEB; TMEM121; MYC; RNASEL; REEP6; BCL3; UBA7; ANXA3; HASPIN; RPS6KB2; RAMP1; USP38; FAM118B; BMS1; PAFAH2; TMC6; EDN1; BMP1; TRIB3; TRAIP; SLC66A1; BLOC1S4; CENPB; ETV4; TMEM98; ZBTB21; DUSP6"
"GCNP_SHH_UP_LATE.V1_DN",0.0261091480172752,0.120356804274757,0.124499976253388,0.282700703755086,1.34738919359317,153,"PUS1; DPPA5; MIIP; MDFI; S100A11; ZDHHC5; NTHL1; SLC19A1; HYOU1; IL4R; GPR3; POLD4; ATAD3A; EIF6; TMEM214; DDA1; SOX18; PITX3; WNK2; FAHD1; CNN2; IRF9; B3GAT3; OGG1; REX1BD; CDCP1; ADCY9; EEPD1; HTR3A; WWC1; PEMT; SERPINF1; STX1A; DHODH; ZC3H12C; LSR; TBC1D1; AGTRAP; ZFYVE19; MLLT1; RMDN3; NBEAL2; EIF4ENIF1; NUDT1; NACC2; MYORG; EDN1; ACOT1; SSBP4; ACTN4"
"IL15_UP.V1_DN",0.0258708494601752,0.120356804274757,0.12745704201113,-0.300721818470869,-1.38348577567631,121,"RHOBTB1; TSPAN32; ABCD2; RLN2; CLDN11; EBF2; CCNG2; DEPTOR; HBP1; CLGN; SLC17A1; RIN2; CD72; PBXIP1; CDKN1C; TXNIP; PLCL1; SEPTIN10; PDCD4; GEM; PIK3IP1; SPAG4; ZBTB44; SNRPN; MAP2K6; IL4; PRKG1; SNAI2; PNRC1; OSR2; EPS8; LRP2BP; ZNF571; EFNA1; GPC4; CFAP44; LGR4; TSC22D3; EVI2A; CNTN1; ERC2; ATP8A1"
"LEF1_UP.V1_DN",0.0290721649484536,0.130824742268041,0.120854561651304,-0.278079920593245,-1.332693438972,160,"TCEAL1; ACSL5; EFHD1; EFNB2; PDGFC; TSPAN8; LGR5; RRAGB; SMPDL3A; CAT; CDH17; SLC1A1; PLSCR4; PROS1; BDH2; PLOD2; KLRF1; TNNC1; ATP1B1; ENC1; BTN3A3; TM4SF1; TMEM135; COCH; FOXA1; MFGE8; ACSF2; MANBA; SMAD4; SH3BGRL; DYNC2LI1; MLLT3; RAB25; TRAF3IP2; FAM83E; ZNF711; OPN3; CRYBG1; DECR1; TMEM144; EHF; SELENOP; SEMA3F; MEF2C; GALC; ELF3; CLEC2D"
"TGFB_UP.V1_DN",0.0299425758818704,0.13160806608543,0.118729771541953,-0.275601757490423,-1.32609095256554,164,"ACKR3; VAV3; FRMD4B; ZNF395; SERTAD2; CDKN1B; ID2; C8orf44; CAVIN2; HILPDA; SPRY1; FAM13A; NPEPPS; GATA3; SMAD7; HSF2; FOXO4; CXADR; SAV1; GNAI1; FAM234B; GPRC5C; TUFT1; TEK; FHL3; SLC30A1; ANGPTL4; RGL1; SAP30; SMN1; TFAP2A; ZNF292; CYP2E1; IFIT3; PTCH1; PCBP3; CDK2AP1; HS3ST1; EHF; AP1AR; RASGRF1; IFIT1; PLA2G12A; FANCF; OSR2; CHST7; TBC1D22B; ATRNL1; CITED2; NUDT18; LGR4; TF; PPP1R3D; EVI2A"
"RB_DN.V1_UP",0.0307356732103906,0.132023687199178,0.115167141009445,0.304618363628553,1.37191797917468,107,"DCXR; CLN6; NANS; PLEKHA6; STUB1; GNB1L; DNAJC9; ZSCAN22; AHCY; IER2; POLD4; SLC24A1; ADA; ST3GAL4; SLC35B2; TUBG1; SLC2A8; TPRA1; SIVA1; NUMBL; TMEM54; MYC; ALPK3; BAZ1B; MRPL49; PLXNB2; RAD54L; TKFC; OVOL2; VPS16; BBC3"
"CRX_NRL_DN.V1_UP",0.0352362204724409,0.135911136107986,0.107014828121207,0.292005648668142,1.34161342298807,120,"BEST2; TNIP2; DOHH; PPARGC1B; DHH; XIST; COL19A1; PAQR4; SLC24A1; ZDHHC12; CABP4; ST3GAL1; MEST; NRM; NRL; KCNN4; BICDL1; NR2E3; PLA2R1; KCNJ14; TFF3; MOGAT1; HCLS1; SYTL1; ZC3H3; REEP6; LLGL2; PROSER2; RNF207; GFAP; SLC29A2; KMT2C; ABHD14A; SSBP4; GADD45A; PDIA5; UBXN11; CROCC; ARHGAP10; CCDC107; PLPP2"
"CYCLIN_D1_KE_.V1_DN",0.0349593495934959,0.135911136107986,0.109215847765851,-0.288651224348243,-1.34282155280619,129,"PCK1; ACKR3; CXCL12; VAMP2; ADD3; CAV1; GJA1; MXI1; RAB5B; TFCP2; UNG; BET1; ARNT; INHBB; GAB1; XGY2; FLT1; PRKG2; KLF9; COL3A1; ANGPT1; DELE1; IFIT3; DPF1; NR6A1; VCAM1; WTAP; BNIP2; CYP2C9; NKX3-1; MX1; FKBP3; HPX; PTH1R; EPHA1; ARL4A; ATF2; CD37; SALL2; MAPK4"
"CYCLIN_D1_UP.V1_DN",0.0343909928352098,0.135911136107986,0.110534700747335,-0.278981155152366,-1.3245294067186,150,"PCK1; ZNF266; ACKR3; BTG1; RAB9A; VAMP2; CAV1; CCNG2; RBMS2; KCNJ3; CASP2; TFCP2; IGF1; UNG; MT1F; SNAPC1; ARNT; GUCY1A2; CD19; GAB1; PBXIP1; TPD52; CXCR4; EMC2; KLF9; HLA-DRA; PUM2; IFNGR2; MRE11; DELE1; PAFAH1B2; TIA1; RGS16; NR6A1"
"KRAS.300_UP.V1_DN",0.033504138746551,0.135911136107986,0.109869472131707,0.319469634438762,1.38817334548999,87,"RYR2; PROC; TRPM2; CGREF1; PCYT1B; COBL; RRAD; EPHX2; ZNF750; BST2; TEX15; PCDHB1; MXRA8; CBL; MUC5AC; SPTBN2; CIITA; MX2; MTSS2; SLC3A1; DTX2; WHRN; MAGIX; EDAR; SYNPO; PSORS1C1; TTLL1; HSPB8; SLC6A3; HTR1D; TAS2R4; VILL; TNNI3"
"RAF_UP.V1_UP",0.0339260167586348,0.135911136107986,0.111211882754101,-0.268798177220667,-1.30991414981883,178,"PYGL; TSPAN12; NUAK1; HERC5; CRISPLD2; ARHGEF3; PPARG; GRAMD2B; RSAD2; EPAS1; PLS3; FAM13A; MPZL2; BLNK; PGM1; CAPRIN2; NPC2; MICU1; HSD17B11; PHYH; ETV5; SGCE; GRB10; GM2A; TES; ENPEP; GNAI1; SAT1; DSC2; GCLM; SEPTIN10; BPGM; ABCC3; ANGPTL4; MALT1; PDE4D; PKD2; QPCT; CAST; ZNF331; ASPH; RRAS2; CYRIA; BACE2; SDCBP; HACD1; FYN; OPN3; NTAN1"
"PKCA_DN.V1_DN",0.0415821501014199,0.157180527383367,0.0998483683168439,-0.293161524559579,-1.34535606010638,117,"GATAD2B; ZEB2; PDGFC; HOXC8; MALAT1; GASK1B; TRIB1; MBOAT1; SIK1; SLC1A1; CP; CYGB; KLHL1; MGAT4C; LPL; PRKN; ABI3BP; NFIL3; CD19; ADM; TMPRSS5; COCH; BID; SLC30A1; SHF; SLIT3; SEC1P; ZSCAN2; ENPP4; NKX2-1; GBP1; BCKDHB"
"EGFR_UP.V1_UP",0.0426269630838262,0.157970510251827,0.0988657646175473,-0.264363290587188,-1.29035574749065,179,"MMP1; VAV3; TFPI; AOX1; TMEM45A; GJA1; WNT5A; CBLB; CRISPLD2; MBNL2; GRAMD2B; ARNT2; EPAS1; MPZL2; SNAPC1; SLC9A6; ETV5; NFIL3; ERO1A; LOXL2; CXADR; RHOQ; ADM; DUSP5; SAT1; GCLM; SEPTIN10; ABCC3; ANGPTL4; ARFGAP3; PTPRE; RAB27A; SGMS1; SNX16; EGLN3; CTNNAL1; CCN1; GBP1; IFIT3; NT5C2; RGS16; ASPH; ICAM1; SOWAHC; BACE2; SDCBP; PIGA"
"PDGF_UP.V1_DN",0.0447609359104781,0.159619186548686,0.0963025229566543,-0.313834246668132,-1.36037060245554,84,"RHOBTB1; KIAA1217; AOX1; KLF5; KYAT3; UNG; PRKN; TIMP3; CRABP1; HERC3; SEMA3C; SLC8A2; C2; GABPB1-IT1; BPGM; ADAM23; DHX9-AS1; BHLHE40; PLAT; ZNF33B; ASPH; CYP1A1; ANXA2P2; CTNND2; DUSP10; USP33; FBN2; EVI2A; LRP2; EGF; MC1R; DBP"
"TBK1.DF_DN",0.0447039871123641,0.159619186548686,0.0958569623789466,-0.240633143442465,-1.24583050427897,280,"LMO4; ZNF395; GAS1; CCND1; CCNG2; KCTD3; GJA1; KLF5; PLEKHA2; INSIG2; CAVIN2; RIDA; CHMP2B; PSMB8; STOM; DSN1; RBM4; ITCH; DCAF16; LSM14A; RNF5; TSPAN5; C1D; RMND1; TCAF1; CXADR; SEMA3C; FAM234B; LUC7L3; RLF; DCK; MSH2; UBE2W; ANGPTL4; CCND2; KLF13; KPNA6; PPCS; RSRC1; CD2AP; BACH1; GOLGA2; CCNE2; ATP6AP2; ATP6V1C1; NLK; SEC63; AKAP9; ALDH9A1; YES1; SOWAHC; CASP6; GOLT1B; NEK7; BNIP2; PCYOX1; EHF; AP1AR; ARMC1; HMGCS1; IFIT1; IMPACT; PRKRA; PNISR; GALNT3; FOS; ADAM10; KATNBL1; PDHX; CBFB; BPHL; SPIN1; SLC35A5; ATG2B; VRK1; TMOD3; MFSD6; SLC25A13; SHTN1; HNRNPA0; P3H2; TAF15; RALA; PSMB9; UBXN4; LRIG2; SMARCA2; PPIG; RFWD3; CLN5; FNBP1L; CDC27; LIMS1; MYO6"
"SIRNA_EIF4GI_DN",0.0476093591047813,0.166632756866735,0.0933040495921608,-0.312601898000625,-1.35502876702155,84,"PMP22; S1PR1; FSTL1; SPTSSA; BET1; DCTN6; RARB; LOXL2; HSD17B12; PDCD10; TAF11; RAB1A; NTAQ1; NEK7; MAP4K3; SNX10; PDHX; FCHSD2; RAB7A; EIF5A2; TANK; IMPA1; PPME1; MRGBP; SLC31A1; C1QTNF1; H3C1; CENPS; PAPSS2; AKAP10; PBX3; SMURF2; ANKRD49; DUSP4; CDKN2C"
"ERBB2_UP.V1_DN",0.0499794323323735,0.171747503833065,0.0915140765993025,-0.258843049545681,-1.26819990442495,185,"DLC1; KLF10; AMIGO2; ADD3; CAV1; ID2; KCTD3; PTBP2; MBNL2; RAB31; RNF138; BTG3; NMRK1; NPEPPS; ZNF430; SMAD7; ARHGAP29; ARMCX1; TM4SF1; EMC2; PRKAR2B; ZNF43; MAD2L1; ZNF84; MSH2; ACTR6; CBR4; EIF2S3; IFIT5; PRELID3B; SS18; PRMT3; TVP23B; ARMT1; RAD51AP1; CCDC59; HAUS3; ANKRD12; CASP6; ALG13; IFIT1; PLA2G12A; MAP4K3; GOLGA8A; TIAM1"
"MEL18_DN.V1_DN",0.051948051948052,0.175324675324675,0.0890961354495908,-0.28673897366969,-1.31846577847102,119,"PDE7B; CDH10; VAV3; FRMD4B; EFHD1; NTS; ID2; EBF2; CRABP2; ATXN3; MAF; DIRAS3; ID4; BLNK; GAS7; PHYH; CRABP1; TCAF1; SLC17A6; TENT5A; PLEKHA4; GPR137B; EPHA3; TRIM2; SH3BGRL; TFAP2A; ESRP1; MCTS1; ZCCHC24"
"DCA_UP.V1_UP",0.0537149578514017,0.178107491823069,0.086034814321778,0.279780673376043,1.29320854096974,125,"DCXR; SPIN2A; CLN6; GRM5; GARNL3; COBL; CLPB; CFAP70; PIGV; F2; CCDC71; BEST1; ZNF750; CLCN2; ATP1B2; TYRO3; LIMD1; SYNE3; NRXN2; GDPD3; ZSWIM1; KREMEN2; FRMPD1; RNASEL; BTBD8; CREB5; ANKRD1; SARDH; EXO5; SNX17; AURKB; ELOA2; ELAVL4; AOC1; RPRM; CNGB3; GRIN2D; CRIP2; ARHGDIG; MAPK8IP2; FGF22; ANKRD53; LAMC3; LRFN3; AK4P3; DNAJC16; SLC66A3; MCTP2; ADAM19; CD27; CACNG5; USF2; ZSCAN12"
"ATF2_UP.V1_DN",0.0576410256410256,0.186978418010155,0.0849239419737563,-0.266493563527092,-1.26996541752525,155,"EFEMP1; CELF2; CXCL12; EDIL3; GAS1; EDNRA; SLC24A3; PNMA2; GASK1B; FGF9; SIK1; ARHGEF3; PIM1; PLSCR4; ARNT2; SCD; FGF7; ID4; PELI2; ERO1A; TPD52; ACVR2A; GPRC5C; GPRC5B; FBLN2; ABCC3; NDUFA4L2; CD200; SLIT3; BHLHE40; DNAJC12; ZNF432; VCAM1; RBL2; PTGS2"
"RPS14_DN.V1_UP",0.0583689241407362,0.186978418010155,0.0840040435343081,-0.273977640825998,-1.28229509471129,134,"HLA-DMB; MARCKS; DNAJC22; KBTBD11; SDC4; GJA1; FUCA1; ARHGEF3; MAF; RAB31; HLA-DQB1; PTPRO; F13A1; HEY1; SFXN3; ENPP2; NYNRIN; EMP1; RIN2; STX3; JAG1; SEPTIN10; GPR137B; PDE4D; PTPRE; RGL1"
"JNK_DN.V1_UP",0.0618892508143322,0.194951140065147,0.0815460312657354,-0.272074794796352,-1.27665551556138,137,"HOXC4; BMX; ACKR3; C1S; EFHD1; IGFBP3; HOXA2; TNFSF4; S1PR1; B3GALT5; EPM2A; H2BC15; DGCR5; UNG; TNNC1; GPX7; APBA1; ECM2; UGT2B15; GABRR2; ELN; STC2; TEK; EPHA3; RGL1; ARMC8; TSN; HR; PRRG2; SCNN1B; SNAI2; SLC25A24; CXCL8; ARL4A; RIPOR2; CD37; PPFIA4; ZNF280B; PLAA; RAD17; AGTPBP1; MMP17; YAP1"
"CAHOY_NEURONAL",0.0666532824733989,0.196835474804256,0.0779134661483548,-0.318354361777706,-1.33530628104225,70,"NTS; CLSTN2; ENO2; BCL11A; SYT4; CBLN4; NAPB; FGF9; STXBP1; HCN1; KIAA0319; TRHDE; SLC17A6"
"IL21_UP.V1_UP",0.0651144435674822,0.196835474804256,0.0781576498045414,0.26870685446879,1.26298231925348,140,"SLC12A8; CD6; PCDHB13; CFD; TRMT44; OXNAD1; AGMAT; VDR; HEG1; SPRY4; NKX2-8; ALDH4A1; EGR2; ECM1; RPP25; DNASE1L2; BCL6; AGAP2; PCDHB1; H1-4; CLDN7; P3H3; CBL; HABP4; PCSK7; PAX1; TPBG; ARHGAP22; BOK; MUC1; FOSB; MFSD12; GUCY1B1; TPST2; SLC7A5"
"NFE2L2.V2",0.065880439202928,0.196835474804256,0.0789035841438956,-0.224565009772092,-1.18897408231293,343,"SLC6A6; PTPRD; AKR1C1; ACKR3; C1S; ELAPOR1; CXCL12; SLC2A4; IGFBP3; TMEM18; SLCO4C1; EFCAB11; BCL2L11; TSPAN7; GCLC; HLA-DQB1; JAKMIP3; AXIN2; ZNF430; FGF7; ME1; GAS7; SMAD9; ECM2; RIMKLA; KIAA0319; NAP1L1; VEGFD; FECH; CNTNAP5; HMOX1; SLC47A1; SLC5A11; CPLX2; SPDYE3; NT5DC1; METAP2; FLT1; FAM167B; LANCL3; PTGR1; STC2; LINC01963; HGD; GCLM; PCSK9; ZNF714; ZNF367; TFRC; ZNG1F; FZD7; PARL; SMIM22; RPL22L1; KPNA5; PPIAP31; ATPAF1; GAS2; RANP6; FTLP2; ZNF429; PRSS53; TM9SF3; NMRAL2P; GPC1; ALDH7A1; FTH1P16; GGA2; CRTAP; TXNRD1; NDUFC2; EIF1AX; POU3F3; SLC15A1; ABHD4; HIGD1B; STXBP5L; IMPACT; DHFR; GPNMB; GSR; SUB1; SLC7A11; ZSWIM6; BRINP3; USP6; FTL; C1GALT1P1; TNFSF15; UBE2D1; RABL3; SDS; RET; BRIP1; TF; SHMT1; FGL1"
"PRC1_BMI_UP.V1_DN",0.0638965111720894,0.196835474804256,0.0786526746440488,0.272571387280503,1.26897952470325,131,"LRRC37A4P; CXCR6; FLG; NHERF2; OXNAD1; DNAI1; LIPE; EPHX2; GNB1L; TBXAS1; FAM106A; SLC16A10; STMN3; ZNF771; CTAG2; FKBP5; APOA1; ATP2A3; MON1B; AANAT; RAPGEF5; SPTBN2; CIITA; MTHFS; GALK1; SLC25A23; CORO1A; NACAD; PLA1A; SPINT1; CALCA; MLLT1; OVOL2; BBC3; RND2; GFAP; ZXDC; TRPM4; HHIPL2; FES; GUSBP11; SLC27A3"
"GCNP_SHH_UP_EARLY.V1_UP",0.0683026584867076,0.198603114676734,0.0776714573195423,-0.261288934440432,-1.24902808665874,157,"RGCC; BEX4; GGPS1; RNF103; RUNX1T1; DARS1; CNOT2; SLC23A2; EPB41L4B; STAT5A; FNBP4; HLA-B; RHPN2; TMPRSS2; CXorf38; NAP1L1; LOXL2; VPS4B; SLC35E1; LUC7L3; CCNJ; PUM2; PHTF2; NCAM2; VHL; LBR; MRE11; TIA1; MBTD1; OVGP1; BCKDHA; SEC62; FCGRT; PPP1CB; CDC23; RYK; DHFR; LUC7L2; CLCN6; CHEK1; UPF3B; STRN3; FOXK1; ATL2; CD55; SOX10; GPATCH2; ZNF708; MAN1A1; IRF6; AZIN1; TBP"
"E2F1_UP.V1_DN",0.0716185799058727,0.202966872952312,0.0758099300882185,-0.254886450129074,-1.23666949570907,173,"ACKR3; EBF1; CREBRF; RAB9A; TMEM45A; ZBTB20; CCNG2; SLC11A2; DAB2; RUNX1T1; DCAF8; SLC1A1; C3; CAVIN2; CIRBP; SGK1; STOM; PPP3CA; CPT1A; TNXB; HLA-B; KLF3; LIMA1; ZFR2; POU5F1; GSTA4; COL3A1; ANGPTL4; CCND2; STX4; APBB1IP; EFNA4; PLAT; STAT3; TCF4; SCAMP1; PTGS2; TRAF3IP2"
"KRAS.AMP.LUNG_UP.V1_UP",0.0719512195121951,0.202966872952312,0.0753641771859303,-0.301904057232747,-1.30685469542064,83,"SLC6A6; GABRA6; SLC2A4; CLSTN2; SDCCAG8; KCNC1; RCAN2; RBIS; BMPER; EFNA3; H2BC15; NELL2; F13A1; FGF7; LPL; GABRR2; NOVA1"
"BCAT_GDS748_UP",0.0802085422097453,0.204856952400566,0.0707234449047984,0.362891413544733,1.34924047568482,41,"GCNT1; CEBPB; FAH; ASRGL1; PHLDA2; COTL1; NPTX1; BAG3; SLC39A14; FLT4"
"BMI1_DN_MEL18_DN.V1_UP",0.0765456329735034,0.204856952400566,0.0716628565191792,0.271089821750205,1.25116990169253,124,"GAL; LRRC15; ADM2; ABLIM3; P2RX5; TGFB2; PTHLH; SLC19A1; ITGA4; SLC1A4; SLC22A4; ATP13A2; KMT2A; ADGRE5; TMEM51; ADAM12; MARCHF3; RUSC2; LHFPL2; CSF1; INHBA; MICALL1; KCNN3; KCNN4; IL1A; INHBE; LAMB3; C2CD2; TCIM; STX1A; TRIO; SLC7A5; ITGA3; ANXA3; CHST3; EDN1; HTR1D; ENTREP2; CLDN1; C2CD2L; EHD1; GADD45A; TRIB3; RREB1"
"CSR_LATE_UP.V1_UP",0.0764119601328904,0.204856952400566,0.0715673164948964,0.261519810340067,1.24369233403905,150,"SRM; AHSA1; PRMT5; PREB; KRT18; NUDC; FAM83D; CCND3; JPT1; SLC25A11; FARSA; NOC2L; LMNB2; MAZ; TOMM34; DNAJB11; DCTPP1; POLR3K; ST3GAL4; CTPS1; TUBG1; LYAR; MET; LTBP2; TIMP1; DRAP1; ITGA6; UMPS; MYBL2; IMP4; GINS3; CDK5; PARP11; MTHFD1; ASB6; EIF5A"
"GCNP_SHH_UP_EARLY.V1_DN",0.0795088566827697,0.204856952400566,0.0711887468782548,-0.263209068419699,-1.24439747951459,143,"HOXB3; KIAA1217; ACSS1; ID2; NR4A2; ERO1B; LCP1; HES1; CRABP2; DCAF8; MAF; RRAGD; PCBD2; PEX7; HTRA3; CAMLG; AMOTL2; CPT1A; BTD; EMP1; MAP2K1; CDK5RAP3; GABRA1; CBX1; TM4SF1; PPFIBP2; FOXA1; CBFA2T3"
"MTOR_UP.V1_UP",0.0777996070726916,0.204856952400566,0.0710949907592617,0.266056090074615,1.24749083808909,137,"GSDME; PCYT2; CCDC86; CYP51A1; COMTD1; PRAF2; TNFRSF12A; TMEM53; JPT1; RIOX2; CDC20; CDKN2B; MAK; BST2; NABP1; BDH1; SP100; KIF9; DHCR24; NSDHL; TESC; INTS3; ISYNA1; HIVEP3; COQ4; IDH3A; IFI35; COA7; PTPN14; FABP5; GSS; GGACT; MTHFD1; MBL1P; SLC41A3; GPX2; PAFAH2; PRKCA"
"RB_P107_DN.V1_DN",0.076271186440678,0.204856952400566,0.0719516678892624,0.274649952946418,1.25850721313744,118,"DYNLL1; CHAC1; PINX1; SIGMAR1; CTSL; ELOVL1; HSPH1; PRSS12; BDH1; AARS1; RHOU; SPG11; COASY; ANXA1; COQ9; POR; UROS; LAS1L; MOGS; RNF25; TXN2; EIF3C; PHF8; UBE3B; PANK1; IARS1; POLR1E; SYTL1; AP3D1; C3orf70; PLEKHA7; APTX; PAFAH1B3; EDN1; UBE2G2; ERCC3; SLIRP; TPRG1L"
"WNT_UP.V1_DN",0.0788617886178862,0.204856952400566,0.0718550298668081,-0.270222896870761,-1.25709194824688,129,"HLA-DMB; FOXN3; EFNB2; OCLN; TANC1; OLFM1; AARD; VIM; GRM8; GRIN2C; SINHCAF; HEY1; HLA-B; SERGEF; TSPAN5; STC1; CD5; FBXO8; GSTA4; DDX46; BPGM; ABCC3; PCDH7; FZD7; VEGFA; ASH2L"
"RB_P107_DN.V1_UP",0.0846905537459283,0.210612034973427,0.0692905673045036,-0.271308188786202,-1.25051505790879,122,"FBN1; BICC1; FBLN5; SI; FSTL1; CDH2; STMN1; CENPH; COX6B2; GSTM2; VEGFB; CDKN1C; ORC6; MFGE8; MAD2L1; TEK; FBLN2; RPA3; CD248; BEX2; SLIT3; PCNA; HMGN2; CCNE2; PTMA; RFC5; PRIM1; NCAPH; DCT; PRIM2; DHFR; RFC3; DUSP1; RHEBL1; PCOLCE; CDK2; POLE; RRM2; LOXL1; E2F1; SLBP; TAGLN; POLE2; DNA2; TCFL5; S100A4; NAA40"
"RB_P130_DN.V1_DN",0.0842833876221498,0.210612034973427,0.0694651820488471,-0.271449053841529,-1.25116433382489,122,"CXCL12; SMIM14; GJB2; SNX2; ATAD1; TMEM123; RAP2C; C9orf72; ATOSB; ZDHHC20; DDX46; GLO1; LAMP2; ARRDC4; BNIP3; PLBD1; DYNC1I2; CAPZA2; TMEM87A; NECTIN4; ATP6AP2; IDI1; CSDE1; CHMP1B; DDX3X; SCAMP1; SLC2A1; AKAP9; KDM5B; DSP; CASP6; IFITM10; ARHGAP24"
"PRC2_EZH2_UP.V1_UP",0.0869654184571312,0.213460572576595,0.0685199122966855,-0.260192322226853,-1.23280901297007,148,"KLF11; RGCC; NR4A2; TRIB1; PTBP2; SMPDL3A; TSPAN7; BMP2; ANGPTL2; COL13A1; SLC6A15; MTMR10; CFAP69; NOVA1; ADGRG1; ASPN; GFPT2; NPC1L1; DKK2; PRKG2; BPGM; ANGPTL4; KLF13; PTPRB; SLC35D2; DNAJC12; SLC19A2; RGS16; NR3C2; ETV1; PCBP3; YOD1; OPN3; YRDC; CXCL8; SLC2A3; PPFIA4; ANKRD46"
"JNK_DN.V1_DN",0.0917827024906844,0.222396548342812,0.0651459743455219,0.258745560397371,1.22545947413228,146,"JPH3; ITGA10; WIPF1; ERVW-1; FLRT1; PCYT1B; GCNT1; LRP8; CA5BP1; ARR3; RAB40A; MAP1B; XIST; POP1; TYMP; IRF2BP1; SIPA1; PAQR4"
"NOTCH_DN.V1_UP",0.0943322220043146,0.225680885554626,0.0642148359994021,0.257943598793447,1.22166125844924,146,"PROC; TENM1; GSN-AS1; KRT18; SLC5A1; ABTB2; CDKN1A; LDOC1; RPS6KA4; RRAD; SLC5A4; KRT8P12; CCNP; KLHL21; NPTX1; KCNK12; ATP1B2; P3H3; HABP4; SLC39A4; HHLA2; RAB23; SPTBN2; ITPKC; RASGRP1; KCNN4; KCNH2; TPPP; KSR1"
"AKT_UP_MTOR_DN.V1_UP",0.0972563472563473,0.226931476931477,0.0646399151525937,-0.25400454169979,-1.21062908408358,154,"SLC6A6; HOXB3; PYGL; EFNB2; KLF10; TMPRSS4; HLA-DQB1; CIR1; SH3BGRL2; RBM4; MPZL2; MICU1; NFIL3; RASAL3; UBE2R2; FLT1; ADGRG1; KCTD9; VANGL2; ARRDC4; PSMD7; SLC44A1; RAB3IP; ING2; MAL2; PLSCR1; PLAT; HIF3A; PON1; MPP2; BACE2; ALDOC; IFIT1; PON2; ADAM10; SOCS6; DUSP10; TLCD4; RNF41; VAMP5; DUSP1; ILRUN; ELL; KLF6"
"KRAS.600_UP.V1_UP",0.0966822715245268,0.226931476931477,0.0646399151525937,-0.242357246623352,-1.20201421814175,199,"MMP1; TFPI; MMD; SATB1; CLSTN2; ZEB1; KCNC1; PNMA2; RCAN2; GABRA3; FGF9; NTRK3; RRAGD; ATP1A2; RTN1; SLC6A15; KCNK3; HEY1; TRIB2; PELI2; EMP1; ETV5; TBX3; GABRA1; STC1; CFAP69; CXCR4; MAPK10; NOL4; HTR7; GPR19; TAPT1; ANGPTL4; TEC; TRIM2; FAM174B; MLXIPL; PLAT; TOX3; SCG3; MMP9; LDB3; CTNNA2; GPR4; PTGS2"
"CRX_NRL_DN.V1_DN",0.101308485329104,0.233503703990252,0.0622012112321493,0.27063827846375,1.23035046229841,113,"GSDME; EGR1; PNP; SWSAP1; CRYBG3; METRN; TSPAN33; TNFRSF12A; CLPB; NFKB1; DNAJC9; NTN4; RIOX2; RBP4; ELOVL2; ADGRA2; PTPN13; WWC1; LRRC4; MFNG; KAZN; RNF25; FMN1; GDPD3; NIN; PLEC; IL17D; SPINT1; PRMT1; BSPRY; GGACT; CCKBR; RBP7"
"ESC_V6.5_UP_EARLY.V1_DN",0.10668016194332,0.242922296473343,0.0611971384770468,-0.257151420875887,-1.21284921331657,141,"PMP22; WSB1; PBX1; IGFBP3; CAV1; FAP; TIMP2; CCDC80; GASK1B; CAVIN2; CAVIN1; EMP1; ANXA5; INHBB; TM4SF1; APP; KLK11; FBLN2; TNC; BMP4; COL3A1; LOX; PTGR3; C16orf74; CALD1; BHLHE40; CCN1"
"CSR_EARLY_UP.V1_UP",0.111285574092247,0.244569459342264,0.058872381059619,0.253524906658442,1.20190116209644,147,"GAL; PNP; HPCAL1; NOP16; RRP9; SOX9; BCAR1; DNAJA1; SPRY4; TNFRSF12A; ATG101; PTP4A1; PANX1; ADRM1; IRAK1; EMC6; ST3GAL1; CTPS1; PUM3; ZBTB12; IL11; MAP2K3; PCSK7; INHBA; TLNRD1"
"KRAS.600_UP.V1_DN",0.110613437195716,0.244569459342264,0.0588173707216382,0.24735306806272,1.19273605667683,165,"RYR2; PROC; TRPM2; NEU3; CGREF1; PCYT1B; COBL; TGFB2; CKM; RRAD; EPHX2; LYPD3; MLANA; C1QL1; ZNF750; BST2; NINJ1; CTAG2; TEX15; PCDHB1; ATP2A3; MXRA8; CBL; FRAS1; MUC5AC; SPTBN2; CIITA; MX2; MTSS2; SLC3A1; CXCL14; DLK2; DTX2; WHRN; ANKRD1; MAGIX; EDAR; SYNPO; HRH3; PSORS1C1; DBF4B; BBC3; TTLL1; CALCB; HSPB8; SLC6A3; EDN1; HTR1D"
"MEK_UP.V1_UP",0.109594383775351,0.244569459342264,0.0591495893440378,0.243329771958507,1.19115319286456,184,"GAL; STIP1; CEACAM6; APOD; MAOA; GCNT1; LRP8; MICAL2; RFTN1; CRLF1; MYO5A; ABCC4; ALDH4A1; PRKCH; IL4R; COTL1; LRP5; CRAT; CEMIP; ST3GAL4; PCDH1; MAP3K9; NT5DC2; KRT81; PARM1; S100P; POR; PTMS; SPTBN2; TUBB2A; KCNN4; EFHD2; ALDH1A3; SLC12A2; CORO1A; DBNDD2; ABCG1; THEM6; GUCY1B1; DBNDD1; BCL3; TNFRSF11B; SH3GLB2; TGFBI; RAI14; GPX2; ALDH3A1; EDN1; ATXN1; SPTLC2; EPHX1; VASP; SLC2A10; GNE; ST6GALNAC2; MYO1D"
"KRAS.300_UP.V1_UP",0.119066937119675,0.254132231404959,0.0577985195763119,-0.271286673590464,-1.22143146862176,105,"MMP1; TFPI; RCAN2; GABRA3; FGF9; RRAGD; ATP1A2; RTN1; SLC6A15; HEY1; TRIB2; ETV5; GABRA1; STC1; CFAP69; MAPK10; NOL4; HTR7; GPR19; TAPT1; ANGPTL4; TOX3; SCG3; CTNNA2; GPR4; ETV1; ARHGAP24; SLCO5A1; CDK5R1"
"KRAS.600.LUNG.BREAST_UP.V1_DN",0.11704834605598,0.254132231404959,0.0572305462580584,0.243011686111339,1.18338398740947,178,"PROC; CD6; TRPM2; ALOX12B; DENND2D; MRPL41; ASIC1; ADAMTS20; COBL; SOBP; CKM; GAMT; MYH7; EPHX2; COL19A1; COL5A3; RARRES2; ZNF750; IL12RB2; NINJ1; TEX15; PCDHB1; NECTIN1; RPL13P5; MXRA8; HCN2; ZNF343; FRAS1; DGCR6L; SPTBN2; CREB3L1; CIITA; SLC25A23; SLC3A1; CXCL14; TBKBP1; DTX2; WHRN; PLXND1; PDE3A; ANKRD1; IGFBP2; PSORS1C1; IL18R1; EMID1; TTLL1; CALCB; SLC6A3; RAG1; HTR1D; TAS2R4; SCARF1; AAAS; MYOM1"
"PRC2_SUZ12_UP.V1_DN",0.121015348288076,0.254132231404959,0.0563823226021518,0.256226312565614,1.19320105108332,132,"KLF15; EPPK1; DFFB; DNAI1; PYCR3; SHPRH; CFAP70; EPHX2; POLA2; ANK1; NAA10; LMNB2; SLC16A10; SLC4A8; TINAGL1; ST3GAL1; RECQL4; TACR1; PKP1; ATP2A3; KLHL11; FRMD8; AGO2; PAX1; AP1M2; RITA1; NPY; CORO1A; ELP6"
"SNF5_DN.V1_DN",0.119960861056751,0.254132231404959,0.0564803168541392,0.258773266955217,1.19830418252673,126,"DNAJA4; STMN4; NHERF2; RABEPK; P2RX5; XIST; RRAD; FAH; KCNAB1; GABRB1; TMEM53; RBP4; PRSS12; PANX1; TINAGL1; PKP1; IL11; CYP7B1; SYTL2; FLT4; ACAA1; CDKN2A; YIPF2; OTUD7A; TCIM; SLC44A4; SIM2; ENO3; ANKRD1; ITGA3; TRO; PTPRZ1"
"RAPA_EARLY_UP.V1_UP",0.123679060665362,0.25687189522806,0.0555678476762568,0.258093559807986,1.1951566552454,126,"VGF; HSPB6; ISG20L2; PART1; ASTN2; TCTA; PLEKHA6; NKX2-8; LDOC1; DAGLA; ANK1; HIVEP1; PAQR4; ADCY10; KMT2A; ADGRE5; NINJ1; PARM1; TICAM1; HMBS; STUM"
"CSR_LATE_UP.V1_DN",0.13190621814475,0.27098125249302,0.0548754448345273,-0.256274853929797,-1.19273936641534,130,"GAS1; PRXL2A; RCAN2; CAVIN2; ANGPTL2; TP53INP1; SCD; TNXB; EPB41L4A-AS1; ME1; NYNRIN; INSIG1; CCN3; BCL10; CHL1; DKK2; LDLR; DYNC2LI1; ERG28; BACH1; PRKCI; IDI1; TOX; IGBP1; CLEC3B; EPSTI1; HMGCS1; IRS2; STARD4; MSMO1; FADS2; VAMP5; TSC22D3; CMBL; FADS1; TRERF1; DPP4; LONRF1; SHTN1; SCML1; MLLT6; TMEM258; LPAR3; FDFT1; F8; HHEX; FDPS; SOD2; C1orf52; SC5D; TBC1D2B; GSN; LPIN1; DRAM1"
"IL21_UP.V1_DN",0.147834645669291,0.300438150876302,0.0506476343598228,0.256120379197155,1.17673935486847,120,"BEST2; LRP3; VWA7; LDOC1; LAD1; SLC16A2; DGKQ; BCL2L10; HYAL3; CYP46A1; POU5F1P4; ASPHD1; DMRT1; DOC2A; ITGA2; TINAGL1; PARM1; PRB3; ACHE; FRMD4A; BICDL1; ITGA6; SLC8B1; ZNF324B; OSGIN1; NACAD; PDE3A; CEP41"
"HINATA_NFKB_MATRIX",0.153950953678474,0.309539683459911,0.0492427760728062,-0.537111411808666,-1.3230496529442,9,"MMP1; RND3; RAC1"
"SINGH_KRAS_DEPENDENCY_SIGNATURE",0.173921887713588,0.346013018714402,0.0471979591200671,0.423841249392051,1.26388185511821,17,"MAOA; LAD1; CLDN7; AREG; TMEM45B; LAMA3"
"BCAT.100_UP.V1_DN",0.195214356929212,0.384328265204387,0.0438061067672831,-0.352514333874886,-1.20989194755279,29,"KLF10; SERGEF; PRKN; TMPRSS2; TENT5A; TTR; ZNF711; SNAI2; EXOC3; IGFBP5"
"ERBB2_UP.V1_UP",0.20090072449579,0.391445741543344,0.0426788844272162,0.22918244180437,1.1180679529617,180,"STIP1; CEACAM6; KCNMA1; TSPAN1; HSPA2; NHERF2; MAOA; GUCY1A1; ZNF467; SOX9; RFTN1; METRN; CRLF1; GAMT; PCDH8; ALDH4A1; PLEKHB1; FGFR4; TENT5C; LRP5; CEMIP; BCL6; PCDH1; KRT81; PARM1; S100P; UROS; PTMS; ACHE; SPTBN2; NIBAN1; KCNN4; ANXA6; GDPD3; MUC1; SLC12A2; DBNDD2; ABCG1; THEM6; GUCY1B1; GBF1; BCL3; TNFRSF11B; MGAT4A; SH3GLB2; FMO5; GNAI2"
"AKT_UP.V1_UP",0.208681475443244,0.397793004704439,0.0427253227144247,-0.237342412960078,-1.12392746085345,147,"SLC6A6; DNAJB13; PYGL; CCNG2; MFSD4A; TMPRSS4; CIR1; INSIG2; SH3BGRL2; MPZL2; MICU1; NFIL3; ERO1A; FLT1; ADGRG1; BID; PDK1; GTF2IRD1; BPGM; TFRC; LDLR; ASB11; MAL2; PLSCR1; IFIT3; PLAT; IDI1; HIF3A; SLC2A1; BACE2; ALDOC; IFIT1; PON2; ADAM10; SOCS6; DUSP10; TLCD4; MSMO1; VAMP5; POLE3; TOM1L1; KLF6; PTPRJ; CD55; UGT8; GDE1; NKAIN1; PFKP; ACOT9; PDK3; IL1R1"
"KRAS.50_UP.V1_DN",0.208063209076175,0.397793004704439,0.0426557142579782,0.373755579156272,1.20781586141444,23,"TRPM2; CGREF1; RRAD; EPHX2; PCDHB1; MX2; PSORS1C1; SLC6A3; TAS2R4; THRB"
"LTE2_UP.V1_DN",0.210472489261608,0.397793004704439,0.0426094714733257,-0.228044275790814,-1.11478283736148,182,"EFEMP1; DLC1; AGTR1; AMIGO2; ADD3; CAV1; SLC24A3; HERC5; BCL2L11; HES1; PTBP2; RAB31; SLC1A1; BTG3; NMRK1; BHLHE41; USP25; CRABP1; NFIL3; TM4SF1; GRB10; PRKAR2B; CBFA2T3; STC2; JAG1; ZNF43; ZNF84; FTO; IFIT5; UGCG; GCA; TFAP2A; GEM; ZMYM2; PLSCR1; DTNA; IFIT3"
"E2F1_UP.V1_UP",0.228083938027064,0.425431683026438,0.0397781136793806,0.226380475494024,1.10316097764556,179,"GSDME; CLN6; ATP5F1D; HSPBP1; POLA2; CSTF2; PRADC1; KLHL21; TRAF3; EIF6; NHERF1; GRWD1; INO80E; CAD; THOP1; DCTPP1; ADA; TYRO3; ERCC2; UBN1; BOLA3; NOP56; FMNL3; AGO2; E2F3; BOK; RRP1B; MTSS2; KIFC1; NOCT; SPEF1; MELTF; ADCY6; PARP1; RBM15; CDR2L; AURKB; SLC7A1; MRPL46; UCK2; RND2; MASP1; NBL1; ENTR1; USP39; MAP3K11; DNAJC2; MCM10; PRC1; NOLC1; TAF6; PSME3; ZFPM1; UBR2; USF2; GUF1; NDUFAF4; MPG"
"KRAS.BREAST_UP.V1_UP",0.229598051157125,0.425431683026438,0.0404101248751239,-0.262961423163647,-1.1327108756333,81,"TFPI; IGFBP3; CLSTN2; ACP3; GABRA3; ATP12A; TMPRSS4; KCNK3; LYL1; PRRX1; STC1; PDE3B; TAPT1; NDUFA4L2"
"AKT_UP.V1_DN",0.251804495772324,0.43620178041543,0.0386938580528995,-0.228470176025469,-1.09653002543059,162,"EFEMP1; ACKR3; BEX4; C1S; GATAD2B; PDE9A; GAS1; SATB1; ZEB1; FBXO32; HMGCS2; AXIN2; STAT5A; KCNK3; OGN; LPL; RMND1; TIMP3; PAQR7; RXRB; ZDHHC6; GSTA4; SLCO3A1; ANGPTL4; TEC; CD248"
"E2F3_UP.V1_DN",0.250097847358121,0.43620178041543,0.0376978125856325,0.237750977413332,1.10095603764015,126,"URB1; SND1-IT1; ADM2; BYSL; WT1-AS; STK40; SH2D2A; EEF2KMT; POP1; PVT1; LYPD3; LRRC8E; POLR1A; NAT9; PC; NT5C; TBRG4; S100P; ZBTB49; TGM2; NRL; CIITA; GRID1; EIF3CL; STX1A; IRAK2; DUXAP10; ZNF782; RPL34-DT; KCNQ1OT1; PPARD; NACC2; MRPL55; KRT80; CDH15; SNORA28; SPTB; TMEM266; EBLN2; MACF1; LIF-AS2; SLCO2B1; ZNF135; FBXL19; SNHG3"
"KRAS.LUNG.BREAST_UP.V1_DN",0.243998425816608,0.43620178041543,0.0383545810309316,0.255769970712153,1.11556554092957,89,"PROC; CD6; TRPM2; ALOX12B; ADAMTS20; COBL; SOBP; GAMT; EPHX2; RARRES2; PCDHB1; RPL13P5; MXRA8; HCN2; FRAS1; SPTBN2; SLC3A1; CXCL14; DTX2; PDE3A; ANKRD1; IGFBP2; TTLL1; CALCB; RAG1; TAS2R4; SCARF1"
"KRAS.PROSTATE_UP.V1_DN",0.24649140146274,0.43620178041543,0.0382314525118419,0.257882303503228,1.11718941457967,86,"GPRASP1; PCDHB13; NEU3; CGREF1; FLRT1; TUBB4A; COBL; RRAD; EPHX2; MLANA; ASIP; ZNF750; SLC4A8"
"PDGF_ERK_DN.V1_DN",0.256181998021761,0.43620178041543,0.0374129517205865,0.23494378801103,1.0968918751855,135,"EGR1; NOP16; MFSD5; CDK2AP2; DHX34; NEFH; CEBPB; RHOB; KLHL25; ZNF202; MON1B; CCNF; FBXL18; GIPC1; TMEM115; SUOX; MOGS; SAC3D1; FADD; CNTRL; DNAAF11; SCO2; MYC; THAP11; LTBP1; EEIG1; TBKBP1; DTX2; PPRC1; TMEM11; FBXL14; OMD; CDR2L; FAM50B; MBD3; MNT; C2CD2L; MGAT1; EDRF1; PRCC; TRAIP; ARHGEF16; CKS2; SULT1A1"
"PDGF_UP.V1_UP",0.245119305856833,0.43620178041543,0.0383016902909786,0.236086023090301,1.10469857222556,136,"EGR1; ZNF460; HSPA2; SND1-IT1; NEU3; STK10; CDK6; ARR3; CDK5R2; CDKN1A; URB2; TAF12; MORC2; PANX1; SDC3; ELOVL2; MRPS11; BICD2; SLC5A3; LAS1L; INHBA; ETFB; RAB35; SLC7A5; EZR; WDR46; AREG; TET3; UTP3; HDLBP; PPP1R12B; NAGLU; PSMC3; GADD45A; TRIP12; PAF1; HDAC4; NDN; ACOT11; LRPAP1; NEDD9; CBX4; NDUFAF1; PARG; TRAF5; JOSD1"
"PTEN_DN.V1_DN",0.254261363636364,0.43620178041543,0.0381266974919746,-0.240055944581197,-1.10304330964414,118,"CDH10; GPM6A; RLN2; B3GALT5; RBIS; LCP1; OLFM1; TSPAN7; FST; VIM; HLA-DQB1; OPRM1; ST8SIA3; ETV5; TBX3; SGCE; CPLX2; NRN1; LIN7A; HLA-DRA; RFPL1S; EIF1AY; SH3BGRL"
"SNF5_DN.V1_UP",0.243707796193984,0.43620178041543,0.0392452338933764,-0.232752544219722,-1.10279746861867,148,"SLC6A6; C1QTNF3; C1S; INPP5B; LGR5; MEDAG; LCP1; RNF13; DARS1; LMO2; PSMB8; HLA-B; OTULINL; ATP1B1; SMAD2; ABI3BP; EWSR1; CXCR4; ELN; DDX3Y; NRROS; PIGP; GBP1; DDX3X; FGF18; TAPBP; APOE; IFIT1; FNBP1; RIPOR2; GALC; OASL; ADI1; SLC2A3; VAMP5; ACTL6A; MT3; HAT1"
"STK33_DN",0.251531317921359,0.43620178041543,0.0377826262640302,0.21180706782753,1.07610551697736,246,"CEACAM6; PCYT1B; FERMT1; MICAL2; KCNN2; TCTA; PCCB; SLC43A1; VCL; HGH1; DOCK8-AS1; DPH2; HSD17B8; TENT5C; SLC25A39; ASL; VARS1; PCBD1; ENDOD1; CAD; PSPH; ANKLE1; TEX15; ABHD14B; SLC9B2; CLTCL1; DHRS11; P3H4; FDXR; POLR3B; CR2; TRAF7; MFSD3; APEH; SLC27A5; HHLA2; ACP6; TANC2; PALD1; RASGRP1; KAZN; MAPKAP1; ASNS; SYDE2; RSAD1; IL17D; MPRIP; SYTL1; PLXND1; ANXA3; POLD2; MGAT4A; BSPRY; ZNRF3; GPAT2; LAMP3; SETMAR; PDGFRL; ADCY3; PADI2; AKR1A1"
"BCAT_BILD_ET_AL_DN",0.265744083433614,0.440575717271518,0.0369230408146938,0.294994979283493,1.1263452343968,46,"PTHLH; ZNF236; PRKDC; FAM182A; ASH1L; IL1A; FRYL; MACROH2A1; GRID1; IRAK2; TUG1; CTBP2; STARD13"
"CAHOY_ASTROCYTIC",0.262795275590551,0.440575717271518,0.0367632352615047,0.256180815027996,1.10823376205824,85,"COLGALT2; ATP1A1; FAM20A; DNAI1; SLC46A1; ELOVL2; BCAT1; COX10; ABHD1; TMEM51; CBS; CYP7B1; RARRES1; AIFM3; FRMD5; ASNS; PANK1; CKAP5; SEMA3E; SPIRE1"
"PRC2_SUZ12_UP.V1_UP",0.26466409579866,0.440575717271518,0.0372642930836758,-0.23211774767428,-1.09044139235432,138,"DACH1; CAB39L; AGO4; GPC6; LCP1; FGF9; ERMAP; GRIN2C; PSMB8; COL13A1; RBM4; AOC4P; SLC6A15; STAT5A; PKD2L1; MTMR10; SERGEF; ECM2; ERO1A; COCH; SCTR; PRKG2"
"ESC_V6.5_UP_EARLY.V1_UP",0.273997569866343,0.450309049606424,0.0364798357316103,-0.230454499352298,-1.08431179619829,139,"DACH1; DLC1; TCEAL1; GATAD2B; EFNB2; OCLN; ACSS1; SATB1; KCNC1; DEPTOR; MBOAT1; ARHGEF3; GRM8; F13A1; ENPP2; TTPA; SH3RF1; GABRR2; SLC5A11; VEGFB; SLC23A1; ZDHHC6; GPRC5B; CYP27A1; PRKACB; KLF13; EGLN3; SGTB; PARP6; SLC16A3; CASTOR3P; CGNL1; SLC29A4; CCNK; WNT3A; SELENOP"
"ATM_DN.V1_UP",0.277268093781855,0.451755773489402,0.0363710691140797,-0.246738486356977,-1.09388137440093,96,"CD36; GRIK1; STAG3; LHPP; BCL2L11; CLIC2; BCHE; TXK; F13A1; SNCB; XCL1; ECM2; CD19; FLT1; NPC1L1; P2RY1; IGFBP4; VEGFA; RAB3A; TTR; TEKT2; SPAG4; GCM1; H6PD; NUMB"
"PTEN_DN.V1_UP",0.280350948785962,0.452874609577323,0.0361559051086424,-0.234800116851121,-1.08620313715184,125,"MYBPC1; HOXC8; PCDHB12; ZNF22; DCC; CCDC102B; RSAD2; AQP1; PRKN; NYNRIN; HTR2C; RARB; INHBB; CYP39A1; NTNG1; PRKAR2B; ASPN; C2; JAG1; TUBB2B; TXNIP; TEC; SORBS2; LRRC19; PFKFB4; EFNB3; VCAM1; TUSC3; CYRIA"
"HOXA9_DN.V1_DN",0.285574476414171,0.457403186798969,0.0349132468253096,0.220647204853063,1.07447659521255,178,"LRRC37A4P; EGR1; TBC1D30; NFATC3; ITGB5; SLC1A5; CYP51A1; ITGA4; GADD45GIP1; SOX18; RGS1; TOMM34; ATF5; BCAT1; FKBP5; SLC25A1; POLR1G; TEX15; H1-4; MEN1; PFAS; CBS; AGO2; CIDEB; GPATCH2L; H3C2; PARVB; NPY; H1-10; ALDH1A3; NELFE; RBM38; MFAP4; CRIP1; TEX264; EXOSC5; IGFBP2; GINS3"
"NOTCH_DN.V1_DN",0.289416846652268,0.459662050565366,0.0347045752570053,0.234634672713121,1.0803806253344,121,"KLF15; MRM1; ZNF221; LINC01140; GUCY1A1; FSTL3; FMNL2; SPRY4; BAIAP2; MYO1A; DOC2A; RAB3IL1; ACADL; IL11; CYP7B1; CR2; HS1BP3; CIDEB; ATP8B3"
"STK33_SKM_DN",0.316080600553141,0.497826945871197,0.033062603097702,0.209537030687745,1.0525905074926,225,"PRTG; TBC1D30; FERMT1; KCNN2; PCCB; TEAD4; SLC43A1; VCL; PCDH8; HGH1; EPHX2; DPH2; THBS4; BMP2K; HSD17B8; YDJC; TENT5C; ASL; PCBD1; CEMIP; MOCOS; PSPH; IL12RB2; PWP2; SLC39A3; ANKLE1; TEX15; ABHD14B; CLTCL1; DHRS11; P3H4; FAM186B; POLR3B; CYP7B1; TRAF7; RAPGEF5; ACP6; TANC2; KCNN3; FRMD5; KAZN; LAMB3; ASNS; SYDE2; RSAD1; ATP8B2"
"P53_DN.V1_DN",0.322231303637107,0.499093164637774,0.0333484662497276,-0.223148627553537,-1.06146871582136,151,"BEX4; FRMD4B; FBLN5; KBTBD11; ZNF516; TSPAN7; VIM; BCHE; TRIM38; CDH1; SGK1; STOM; ARNT2; SOX4; SLC6A15; GAS7; GRAMD1B; NAMPT; DOCK2; HMOX1; RHOQ; CHL1; MTUS1; HGD; GPRC5B; CYP27A1; DDX3Y; GPR137B; ADAM23; ST8SIA1"
"PTEN_DN.V2_UP",0.324806662700773,0.499093164637774,0.0326027375455394,0.236100035038787,1.06333012591603,107,"GNA14; DENND2A; WT1-AS; CHAC1; CLPB; KRT8P12; THBS4; IL4R; SLC1A3; ERN2; PC; ST3GAL4; MPV17; MON1B; IL1B; TIGAR; ZMAT5; PCSK7; CSF1; ARHGEF5; ALDH1A3; OSGIN1; CEP41; ZNF668; ANXA3; BBC3; HSPA4L; ANKMY1; HSPB8"
"VEGF_A_UP.V1_UP",0.32282545242265,0.499093164637774,0.0323549720388035,0.220453764315975,1.05725362793763,159,"PART1; CHRNA1; TRAF1; ECM1; GDF11; HSD17B8; MYO1A; RHBDD3; DDIT3; MGAT5; NINJ1; IRF9; RFNG; TPTEP1; RELB; HSD11B2; LONP2; LY6E; RGS3; NFKBIE; PAX1; ZNF205; PLA2G4C; ISG20; SLC12A2; ETFB; AKAP3; ENO3; CCDC22; RAB40AL; IRF5; SHH; UBA7; CABP1; EMILIN1; FMO5; PPL; OPTN; NFKB2; ZNF76; LCAT; EPHX1; LHX2; RMND5B; JCAD"
"MEK_UP.V1_DN",0.328422344996931,0.500579219390483,0.0330012224657746,-0.217066335652381,-1.0531721702378,173,"DLC1; TFPI; ELAPOR1; AMIGO2; MARF1; ID2; KCTD3; PTBP2; ANXA9; SMPDL3A; INSIG2; NMRK1; NPEPPS; SMAD7; MAFB; BLNK; RMND1; ARMCX1; TM4SF1; PRKAR2B; ZNF43; ZNF84; NGLY1; FTO; PDCD4; ACTR6; CBR4; IFIT5; PRELID3B; PLBD1; PRMT3; RSBN1; ALG13; UBA3; IFIT1; POT1; GOLGA8A; STXBP3; GALC; SNX10; OASL; SYCP2; NREP; ANGEL2; SLC35A5; ELOVL5; CHN1; CCN5; SHTN1; CETN3; PTER"
"P53_DN.V2_UP",0.332113821138211,0.502156097560976,0.0326504362892885,-0.244624178891757,-1.05890679220536,83,"CXCL12; SDC4; ITM2A; ATP12A; NTRK3; MPZ; KCNK3; PKD2L1; CDH4; ETV5; RNF39; WNT3; ANGPTL4; RHD; OSGIN2"
"AKT_UP_MTOR_DN.V1_DN",0.34151371416787,0.512270571251805,0.0323900972490276,-0.218917087365316,-1.05068050260145,162,"EFEMP1; FBN1; BEX4; GATAD2B; GAS1; CADM3; SATB1; LANCL2; SFRP5; RTN1; KCNK3; OGN; LPL; PARP2; HAUS1; STAB1; TM4SF1; CPLX2; RETREG3; CBY1; GSTA4; SLCO3A1; CENPQ; ANGPTL4; TEC; CD248; KRBA1; CD200; ITSN1; TMEM97; CHAD; MLXIPL; EIF4E3; PMPCB; TULP3"
"EIF4E_DN",0.356361426256078,0.53033314616062,0.0312326470619776,-0.237785875328794,-1.05035140127864,93,"FRMD4B; TSPAN6; FUCA1; C3; OGA; SLC46A3; NPEPPS; STAT5A; SNAPC1; SGPP2; TPD52; PARP8; ANGPTL4; DCTN4; SH3YL1; PLEKHA5; ESRP1; CCDC174; MMP9; SCAMP1; PTGS2; FXR1"
"PKCA_DN.V1_UP",0.362609040444092,0.531264408092507,0.0304986328560575,0.229123362855125,1.04023769944077,112,"KLF15; HOXB4; YJEFN3; ELMOD3; TTI1; TYMP; DDX60; TREH; ARSG; WNT10A; ADA; C3orf62; LEAP2; GHRL; CDIP1; PSMC3IP; SMPD3; ACHE"
"RELA_DN.V1_DN",0.36196682464455,0.531264408092507,0.0304578713674509,0.249258430438588,1.04801581052857,73,"GNMT; GCNT1; TRAF1; SPRY4; SERPIND1; GPR3; TXNRD2; PC; NECTIN1; MUC4; HTR3A; C1orf21; RBP1; MMP16; FMO5; HSD17B1; IL17RB; RAMP1; MYOM1; KNL1; TNNI3; MECOM; H2AC8; NPL; LGALS4; KLF8; BMPR1B; CDON; CAPN9"
"ATF2_S_UP.V1_DN",0.368345910666939,0.535518285508088,0.0307354380864671,-0.219401439861672,-1.03809365145321,146,"EFEMP1; CELF2; TENM4; GAS1; KBTBD11; ENO2; RGS5; SORBS1; PNMA2; CLGN; FGF9; PLSCR4; FGF7; PARD6B; ID4; LAMA2; ERO1A; TPD52; RNF39; GPRC5C; FBLN2; ABCC3; ANGPTL4; CWF19L1; NDUFA4L2; SLIT3; NXT2"
"JAK2_DN.V1_UP",0.376468205751316,0.541693341869398,0.0301958974504643,-0.230852067224288,-1.0359930920293,103,"RALYL; PCDHB12; FBXO4; CCND1; ZEB1; CSPG4; BMP2; PTPRO; NELL2; SNCB; ANXA2P1; PTN; ZNF821; FOXD1; GFPT2; NPC1L1; WNT3; EPHA3; KLF13"
"RAPA_EARLY_UP.V1_DN",0.378325508607199,0.541693341869398,0.0294677933890222,0.215206688739715,1.03003538168765,157,"WFS1; ABTB2; ALDH1B1; MAP1A; GABRB1; H4C14; NHERF1; GPT; PSMA7; TACR1; CYP2A7; CCDC85B; BRMS1; MET; LMNA; GALR3; PCBP4; ITPKC; ASMTL; HLCS; BCAT2; COL10A1; WNK1; APBA3; YIPF2; SCO2; GRM1; ESRRA; PLXND1; GBF1; CNKSR2; EIF4EBP1; SNTB1; RNF167; BBC3; GRIN1; ADH6; GRN; EDRF1; IFI27; FLOT1; NAGPA; FAM182B"
"BMI1_DN_MEL18_DN.V1_DN",0.399410609037328,0.560678925035361,0.0285642655573809,0.222726192274127,1.02583061167655,122,"UNC5C; PEG3; TSPAN1; MXRA5; NEFH; CRLF1; KCNV1; PCDH8; DDX60; AK1; H2BC21; RBP4; BST2; ASPHD1; IRF9; DPM3; LY6E; COL14A1; PRDX2; ERCC4"
"KRAS.DF.V1_DN",0.395782145782146,0.560678925035361,0.0294772435264845,-0.21449155622045,-1.02412567199414,156,"KLF11; IGFBP3; HOXC8; LANCL2; NEUROD2; TMEM45A; WASF1; LCP1; RNF122; SLC17A1; HMGN3; SEMA6A; EPB41L4B; TNXB; RNMT; SMAD7; STX3; FAM153A; CXADR; SEMA3C; RNF39; TUFT1; TNC; BMP4; PHF7; MALT1; COPZ2; PRELID3B; LSM14B"
"KRAS.LUNG.BREAST_UP.V1_UP",0.400484946453829,0.560678925035361,0.0290219603585485,-0.232215125324495,-1.02385406390745,92,"MMP1; PTPRR; IGFBP3; CLSTN2; ID2; KCNC1; GABRA3; NELL2; TBX3; STC1; ANGPTL4; FAM174B; MMP9; RPS4Y1; LDB3; CTNNA2; GPR4; PTGS2; ETS1; ATG10; SLCO5A1; ZNF639; ADAMTS6; CXCL8; CD37"
"KRAS.AMP.LUNG_UP.V1_DN",0.403740597682456,0.561080683544001,0.0289854798089291,-0.229415874212631,-1.02118266842449,98,"RHOBTB1; GP1BA; HOXC8; ADAMTS5; CD34; PGPEP1; DCC; SNCB; SLC6A16; TRHDE; ZNF134; CPLX2; DNM1; CHL1; GPRC5C; POU2F3; PRODH; USP53; HOXC11; H2AJ"
"MYC_UP.V1_DN",0.407115423488983,0.561640985689181,0.0287329158912799,-0.217008211987516,-1.01734621029811,135,"HOXC4; MMP1; AGO4; CYP4F29P; PLEKHA2; SMURF1; RAP1A; TP53INP1; LINC00173; RUSC1-AS1; NYNRIN; ARRDC3; ATL1; SPOCD1; SERPINB1; ANGPTL4; OR2A7; PTPRE; C16orf74; PODN; GINS1; CCDC82; PLAT; MMP9; NR6A1; FGD2; BCL9; BCO2"
"HOXA9_DN.V1_UP",0.414911193721603,0.564159824556711,0.0287776612361341,-0.21162481715566,-1.01496723053012,161,"ANKRA2; RNF11; CSPG4; FUCA1; RNF130; CRISPLD2; ARHGEF3; SLC46A3; NDFIP1; OTULINL; GAS7; SGK3; ZNF277; SCPEP1; HLA-DRA; TOB1; SLC30A1; UBE2W; GPR137B; PTPRE; STX12; PHTF2; DYNLT3; CLK4; SLC35D2; SERPINB8; MAP4K4; ENTPD4; GLIPR1; HLA-DMA; CDK2AP1; FYN; FCGRT; FBXL5; SLC39A6; TWF1; CXCL8; FOS; GALC; SNX10; ANKRD46; GNS; PLAA; AGTPBP1; COQ10B"
"KRAS.KIDNEY_UP.V1_DN",0.412219959266802,0.564159824556711,0.0286438814771541,-0.237980572536999,-1.01967654358502,79,"EFHD1; SPATA6; ECEL1; B3GALT5; TENM2; RBIS; GRM8; RSAD2; GRM2; KLF3; SRD5A3; FOXA1; ASPN; NPC1L1; BMP4; SLC9A3; EGFL7; LRRC31; ETS1; CLEC3B; RASGRF1; CNN1; MX1"
"KRAS.PROSTATE_UP.V1_UP",0.426042486231314,0.575157356412274,0.0274412621917787,0.232011715767233,1.0144830370989,90,"LRRC15; NALF2; ADM2; JAM2; KRT8P12; RARRES2; THSD4; ITGA2; GLB1L2; ABHD8; SYNE3; CR2; ZSWIM1; PCDHA2; KREMEN2; TRIM31; RAB40C; KANSL1L"
"CAHOY_OLIGODENDROCUTIC",0.436449891282862,0.584151946775449,0.0271060140527064,0.232795669750141,1.00850990731742,86,"TENM1; WIPF1; NRP1; EPN2; SRPK3; SLC35B2; ABHD8; POP4; NRM; KCTD1; EFHD2; GALNT18; NOCT; CDR2L; FA2H; IFFO1; BCAS1; RTKN; FIGN; SEMA3D; CRIP2; MAP6D1"
"RELA_DN.V1_UP",0.438886647841872,0.584151946775449,0.0273606434308949,-0.219851317435158,-1.00451956736995,113,"NTS; KLF10; BPNT1; TRIM38; XCL1; CLK1; GAS7; SNAPC1; GNRH1; NOVA1; VEGFB; CDHR5; RNF39; NOL4; PDK1; TNC; WASL; GAD1; VEGFA; PAFAH1B2; NLK; PPAN; ETFDH; PTGS2; ZFP36L1; ZNF286A; PRKG1; FOS; PPP1R15A; GRAP; EFNA1; DAPP1; ATP5F1C; KLF6; TANK"
"ALK_DN.V1_UP",0.49251968503937,0.612544241075943,0.0249784279069157,0.226494032786555,0.979809257033377,85,"SLC12A8; PYY2; SLC1A5; CHAC1; SLC1A3; KRT81; PCK2; ADAM12; STEAP4; CBS; INHBE; GALK1; OLFML3; ASNS; CARD9; TCIM; GRM1; NTRK1; SLC7A5; LIN28A; DECR2; TRIB3; PRODHLP; GNAT2; XBP1"
"BCAT_GDS748_DN",0.496350364963504,0.612544241075943,0.0248855600853743,-0.256921531418885,-0.97378800447389,43,"GAS1; RPS6KA5; PBLD; CDK5RAP3; CHMP4A; ARL6IP1; TENT5A; TTR; DDIT4; TCF25; SNAI2; ZNF273; SLC35E3; ZNF32; COL2A1; PMFBP1; HLX; HSDL2"
"BRCA1_DN.V1_UP",0.500405022276225,0.612544241075943,0.0251865531395241,-0.230901027807467,-0.97236851019676,72,"RLN1; MYBPC1; CD34; B3GALT2; RNF122; ZNF682; CFAP69; ZNF423; TNC; POU2F3; CYP2U1"
"E2F3_UP.V1_UP",0.502351097178683,0.612544241075943,0.0245723056101641,0.201950425302249,0.982156238158342,175,"ZDHHC14; MANEAL; HSPA2; MFHAS1; FAM222A; TLCD1; EGR2; ANKRD18A; LRRC45; NPTX1; RHOBTB2; ZDHHC12; SNRNP25; SYNGR3; RASD1; RECQL4; ABCG2; MSRB1; PIN1; RASGRP1; TMEM201; SAC3D1; ABHD15; KCNA6; CRY1; MMP15; TPPP; SIX5; SLC27A2; TMEM121; KLF16; EMC9; PDIA2; PLXND1; MILIP; EEF1A2"
"HINATA_NFKB_IMMU_INF",0.475235366352845,0.612544241075943,0.0262380567668797,0.414587275922599,0.98765434047474,8,"NFKB1; IL1B"
"KRAS.50_UP.V1_UP",0.478426650612081,0.612544241075943,0.0257898061288506,0.270160693989098,0.984022406029591,37,"PEG3; NALF2; PCDH8; RBP4; ITGA2"
"KRAS.BREAST_UP.V1_DN",0.483267716535433,0.612544241075943,0.0252953422674338,0.220422381610822,0.988532582767012,104,"XYLB; ALOX12B; DENND2D; WT1-AS; ASIC1; ADAMTS20; SOBP; MYH7; EPHX2; GRIP2; ASPHD1; TEX15; PCDHB1; NECTIN1; RPL13P5; HCN2; FRAS1; SPTBN2; MUC13"
"MTOR_UP.V1_DN",0.487970388648982,0.612544241075943,0.0258681820896116,-0.206057263467726,-0.986697980675925,159,"ACKR3; SYF2; PDE9A; NR1D2; SLC2A4; ID2; FBXO32; KCNC1; TGIF2; PHC1; ZMYM5; HLA-DQB1; CIRBP; NELL2; IGF1; KCNK3; CCT6B; BBS2; NFIL3; C2; SLC44A1; UBXN2A; CSRP2; SLIT3; SYN2; PLEKHA5; MYZAP; STMP1; PHAX; SLC33A1; CSDC2; CLPX"
"RB_DN.V1_DN",0.484125419049497,0.612544241075943,0.0252953422674338,0.217874088917235,0.986571655076386,109,"DYNLL1; HSPA5; PMVK; MICAL2; TRAPPC12; CHAC1; TMEM140; DDIT3; PLXNA2; BST2; ATF5; NSDHL; CTSC; ADAM12; LRRC4; FLNA; UROS; CELSR1; SH3BP5L; ANXA6; LAMB3; EEIG1; NOCT; SLC7A5; CD44; CALCB; RPS2; MYORG; TMEM42; GADD45A; PSMB10; CDIPT; PSME1; PSME2; TLL1; CISH; NEDD9; ANKFY1"
"SIRNA_EIF4GI_UP",0.494711147274207,0.612544241075943,0.0254533994755903,-0.224102051442363,-0.978945191044356,88,"PYGL; PAPSS1; ZFP36L2; CAMLG; AFG3L2; HLA-B; RMND1; NONO; GLUD1; SLC25A3; TXNIP; ST13; PERP; EID1; CSDE1; TRAF3IP2; PMPCB; TCF25; ALDH7A1"
"SRC_UP.V1_UP",0.476584022038567,0.612544241075943,0.0255227457798182,0.212584701394634,0.989969713135354,132,"STAB2; CHCHD10; SLC25A22; MATK; AMER1; TMEM255B; MAMDC4; PRADC1; MRPS34; GRWD1; ATOX1; MIOX; BRWD1-AS1; YIF1B; SRMS; PIN1; TM4SF5; ANGPTL6; GALK1; SLC25A23; DTX2; TMEM11; SLC4A9; ETV7; MMP16; ACY3; LAMP3; PFKFB1; ARRDC1-AS1; TONSL; BAHD1; RPRM; AAAS; RFXANK; TMUB1; FES; IBA57-DT; TFR2; MAPK8IP2; SRC; OPRL1; LAMC3; ASPSCR1; TECTA; ESR2; SEC11C; LINC01667"
"TBK1.DN.48HRS_UP",0.497915425848719,0.612544241075943,0.0249385428110373,-0.249790222488068,-0.971770808457934,49,"IGFBP3; SLC11A2; ZMIZ1; CEBPA; RNMT; OXSR1; SCP2; TM9SF2; LBR; PTK2; BAMBI; APOE; KHDC4; TMCO1"
"VEGF_A_UP.V1_DN",0.499902210052807,0.612544241075943,0.0246239707499508,0.201069926586155,0.98304603055181,182,"STIP1; BAK1; CCDC86; RAB3B; RRS1; MDN1; LRP8; MAP1B; MYO5A; POP1; POP5; NRP1; NOC2L; RRP12; PSD3; SACS; ITGA2; FKBP5; MKLN1; ARMC6; PUM3; MEST; CYB561D2; CBL"
"KRAS.LUNG_UP.V1_UP",0.511600471883602,0.61982364862821,0.024329785321009,0.223158955009658,0.971179707305332,88,"TSPAN1; CX3CR1; B3GNTL1; SLCO4A1; MAGEA6; SH2D2A; LRIG1; GPR3; NRP1; RBP4; GRIP2; NDOR1; ITGA2"
"LEF1_UP.V1_UP",0.523548954465507,0.630259569388413,0.023852434690908,0.204687000659334,0.973416328447289,150,"DHRS2; MAOA; SH2D2A; MAP1B; PHLDA3; EGR2; ZNF236; PDGFA; RPP25; TULP2; MSN; KRT81; SYNE3; WWC2; IL11; TNFRSF1B; CBS; TM4SF5; TGM2; SLC5A3; ISYNA1; LTBP2; KCNN4; PARVB; INHBE; S100A2; CDKN2A; CARD9; CRIP1; RBP1; ANO1; EDAR; GJB1"
"YAP1_UP",0.532084495815066,0.636480820943338,0.0239072886771974,-0.2564439429682,-0.953200589851766,40,"RGCC; STEEP1; NMRK1; DENND10; C8orf58; DRAM2; RHOQ; SEMA3C"
"CAHOY_ASTROGLIAL",0.5376280535855,0.637484703242913,0.0235520456609964,0.224304182420032,0.960650091747922,81,"FMOD; GNA14; TRAF1; KAZALD1; PCDH8; TNFRSF12A; NUAK2; TSPO; KLHL21; BST2; MSN; MXRA8; ANXA1; LTBP2; TIMP1; TOR4A; SLF2"
"PGF_UP.V1_UP",0.53966959004691,0.637484703242913,0.0240547658605916,-0.19791850170751,-0.966039103408711,179,"TSPAN8; RNF13; RUNX1T1; RAP1A; RDH11; LRRC17; PHEX; RARB; RPGR; ANAPC13; SAT1; BCLAF1; TDP2; BPGM; PRKACB; PDCD10; EIF2S3; SGMS1; TDG; SUCLA2; TTR; CD2AP; BACH1; MTM1; MTF2; SLC33A1; PTGS2; AKAP9; SOCS5; STAU2; ZNF117; NEK7; GJA4; TWF1; MBTPS2; ZNF354A; ARL4A; STXBP3; ACADM; HS2ST1; TDRD3; MAPK6; SULF1; IRAK1BP1"
"KRAS.LUNG_UP.V1_DN",0.543460601137287,0.637975488291598,0.0238706923384388,-0.22129944309562,-0.954714141673716,82,"VAV3; GAS1; ACP3; CRABP2; GALNT8; MAFB; SGCD; NYNRIN; SRD5A3; TRHDE; PPFIBP2; CDKN1C; KLK11; CD248; PRODH"
"STK33_NOMO_DN",0.5563423022456,0.649066019286533,0.0234280298763744,-0.189728156722474,-0.964079250648823,241,"BMX; GPM6A; AGO4; TMEM45A; CD24; MROCKI; ACP3; PNMA2; BPNT1; KLF5; STEEP1; C2orf68; TCEAL8; FMR1; BDH2; ADCYAP1; SCD; F13A1; MAGI2; GJB2; HOXA10; FAM117B; TRHDE; BTN3A3; SLC47A1; PLPP6; BEND5; SEMA3C; TMTC2; MZT1; PAXIP1-DT; BEX2; SLC40A1; DDAH1; C16orf74; EGLN3; OBSL1; NXT2"
"PRC1_BMI_UP.V1_UP",0.567343719187537,0.65784026335242,0.0227035330047586,0.204123138292708,0.955137184651992,136,"SLCO4A1; GUCY1A1; CDK6; MDFI; SH2D2A; COLEC11; EGR2; C22orf46P; HYAL3; EPS8L3; CHD7; AGAP2; KRI1; ATP1B2; FCHO1; TTLL4; S100P; ADAP2; STUM; MTMR8; ACTL8; ACE; COL10A1; NIN; ZSWIM1; OSGIN1; RFPL2; SIM2"
"KRAS.DF.V1_UP",0.577072671443193,0.665041066480266,0.0230291208893727,-0.197617879357026,-0.954101508913187,167,"DPYSL2; MMP1; BEX4; HERC5; RPS6KA5; CCNG2; CAT; ARHGEF3; BMP2; RIDA; DSN1; CAPRIN2; TSPAN5; LOXL2; TM4SF1; TMEM135; GFPT2; SERPINB1; SMYD3; UBE2W; CBR4; ING2; SAP30; STX4; ABHD10; PLAT; CUTC; ASPH; SPAG4"
"JAK2_DN.V1_DN",0.590935844614479,0.676890149285676,0.0219775747359277,0.203766646669758,0.947400544116581,130,"LRRC37A2; PCDHB13; HERC2P3; HCG18; ZNF221; OXNAD1; FAN1; OXTR; PVT1; SLC15A2; MRPL20; DPY19L2P2; KMT2A; MGAT5; CEP295; KIF13A; NOL12; SRA1; GRM3; ADAMTSL4; SIGLEC15; TXLNGY; DOCK5; MAGIX; CEP41; SCAF4; GUSBP1; CSAD; DBF4B; ATM"
"NRL_DN.V1_UP",0.598580441640379,0.681516285964045,0.0218529021386216,0.205646160775834,0.940831084553187,117,"PPARGC1B; SPEN; CDK5R2; SEMA4G; LAD1; COL19A1; SLC24A1; KMT2A; ST3GAL1; POLR2A; GRIK5; NRL; STARD10; KCNN4; BICDL1; NR2E3; PLA2R1; KCNJ14; TFF3; ZC3H3; REEP6; BCL3; LLGL2; PROSER2; RNF207; SLC29A2; KMT2C; GADD45A; PDIA5; ARHGAP10"
"BMI1_DN.V1_DN",0.61661277283751,0.695478988249353,0.0217756218851449,-0.203942115980552,-0.926615049978291,110,"VAV3; EFHD1; CHMP2B; ID4; GAS7; SNX4; RPS20P14; DCTN6; SLC17A6; CHL1; ZNF423; PLEKHA4; PDCD4; TRIM2; DYNLT3; SH3BGRL; TFAP2A; BMI1; ESRP1; DNAJC12; GAS2; TRAF3IP2; SSPN; ETV1; SELENOP; LPAR2; FOS; TTC33; SUCLG2; ARHGAP12; FAM76A; CTNNBIP1; API5; GPX3; ARHGAP15; IL1R1; IFITM1; PPARGC1A; KANSL3; SOCS2; SFXN1; PNMA8A; S100A4; SNAI1; SSBP2"
"GLI1_UP.V1_UP",0.618203545110536,0.695478988249353,0.021506409820865,-0.284039733394977,-0.896497632228126,21,"PLPP6; CCND2; STAU1; SAR1A; PTH1R; TMOD3; IFT74"
"PTEN_DN.V2_DN",0.691854759568204,0.773731062475684,0.0195554737809942,0.196391746566231,0.906413382317662,124,"DHRS2; IZUMO4; DDX31; WIPF1; MGA; GPR3; BATF3; NDOR1; ATF5; SERPINH1; UCP3; TRAF2; RECQL4; KLHL11; SPDEF; HIVEP3; RPGRIP1L; HNF1A; FABP6; ZNF574; THEM6; HCLS1; GTF3C5; ENTPD7; TGFBI; NOS3; TRPM4; FES; GUSBP11; PRMT7; ST6GALNAC2; ZNF446; PCSK1N; CRIP2; CHST12"
"BRCA1_DN.V1_DN",0.706314535345512,0.775121563428529,0.0194191420728089,0.198848753010462,0.893223188518417,106,"GREB1L; ZMYND10; SLC5A1; CCDC106; TRAF3; RBP4; GPT; PTCD2; NDOR1; PCDHB1; KLHL11; SPHK2; HSD11B2; MX2; SLC3A1; IFI35; DLK2; STX10; ITGB1BP2; GPR35; RAB40C; ZNF668; ITIH3; PPP1R9A; PDLIM3; HAND1; SCARF1; GATAD2A; PNMA3; PTH2R; BRCA1"
"CRX_DN.V1_UP",0.706325599841364,0.775121563428529,0.019397976012794,0.198067089622824,0.89204011898541,107,"DOHH; DOCK8; AGR2; DHH; XIST; COL19A1; PAQR4; SLC24A1; ZDHHC12; CABP4; CLDN7; NRM; GZMM; BICDL1; PLA2R1; KCNJ14; HCLS1; REEP6; MYLK; LLGL2; RNF207; PDIA5; UBXN11; INSL5; ARHGAP10; CCDC107; PLPP2; POLG2; RHPN1; FAAH; DNAI4; UBTD1; NAT1"
"CTIP_DN.V1_UP",0.700081168831169,0.775121563428529,0.0198810539903722,-0.203199156404928,-0.886088918684365,87,"RALYL; CD34; SLC17A1; INSR; ARPIN; FFAR2; PKD2L1; RPGRIP1; FAM153A; COCH; TEK; SLC35G2; COPZ2; BARX1; ZNF253; SLC9A5; TTR; EGFL7; OLFML2B"
"YAP1_DN",0.709502806736167,0.775121563428529,0.0194956426881947,0.236718562508622,0.851740151464335,35,"RHBDL1; IL4R; LONRF2; ITGA2; LIMD1; RCC1L; RFX1; FICD; PRCC"
"ATM_DN.V1_DN",0.72511379378587,0.783122897288739,0.0189739361797929,0.200257608814636,0.878206620739443,92,"CEACAM6; MDFI; ZNF208; KCNQ4; SRPK3; ABCD1; ADCY10; TXNRD2; ST3GAL1; MAGEA4; PRSS21; HHLA2; H3C2; PAX1"
"PRC2_EZH2_UP.V1_DN",0.721237113402062,0.783122897288739,0.0196716910524353,-0.187326075825705,-0.897757132800882,160,"PTPRD; FOXN3; MSH5; AGTR1; CXCL12; CPEB1; GAS1; ADAMTS5; CDH17; EXOSC8; DDHD2; HOXA10; APLP1; GUCY1A2; INHBB; HMOX1; LIN7A; NLGN1; NUP43; LMOD1; BARX1; LBR; HP1BP3; CENPU; TOX; NR6A1; OLFML2B; SLC8A1; PRIM1; ETS1"
"DCA_UP.V1_DN",0.742225699198122,0.797049188343438,0.0184498265226206,0.187060012583875,0.890413508478883,152,"RBM14; LRRC37A2; CPLANE2; ADM2; CDK5R2; NUP62; PPCDC; IRF2BP1; LRRC14; SLC16A10; GPT; AGAP2; CTAG2; NACC1; TXLNA; PKP1; PIN1; POR; TMEM115; LONP2; TCIRG1; GALR3; PRRX2; RNPEPL1; PLA2G4C; MAP3K20; MFSD12; MAP3K14; ENO3; CPB2; TAF1C; PES1; DCAF17; PPP1R12B; NOL8; ETNPPL; C2CD2L"
"CTIP_DN.V1_DN",0.752709359605911,0.79922510654785,0.0183522701946132,0.197670993302792,0.870142879071441,94,"GSN-AS1; OXNAD1; MGA; PYCR3; MAPK11; TENT5C; CEMIP; SACS; ADAM15; FAM169A; RPL13P5; ECE2"
"KRAS.600.LUNG.BREAST_UP.V1_UP",0.750511665984445,0.79922510654785,0.0189616822532967,-0.182465126307102,-0.891799025715621,181,"MMP1; PTPRR; TFPI; IGFBP3; CLSTN2; FBXO4; SFRP5; ID2; KCNC1; GABRA3; BMP2; NELL2; LPL; LYL1; PRRX1; TBX3; STC1; CFAP69; MAPK10; TAPT1; ANGPTL4; SSTR5; FAM174B; ST6GALNAC5; TOX3; MMP9; RPS4Y1; LDB3; CTNNA2; GPR4; PTGS2; ETS1; ARHGAP24; ATG10; SLCO5A1; ZNF639; ADAMTS6; CXCL8; PPP1R15A; CD37"
"ATF2_S_UP.V1_UP",0.757196744093707,0.799498238177154,0.0183756141338319,0.187060310179296,0.882121952067585,144,"TRPM2; GNA14; ABLIM3; MAP1B; SLC13A4; PITX1; KIF20A; PCDHA9; UPP1; SYNGR3; CLCN2; CD8A; MON1B; KRT81; SPDEF; POMT2; LAS1L; PAX1; RASGRP1; ARHGAP22; COQ4; ENDOG; ITGA6; ZNF324B; SCIN; ADAMTSL4; TCIM; BMAL1; DBNDD1; CEP41; ITIH3; ANXA3"
"ESC_J1_UP_LATE.V1_UP",0.768018018018018,0.806418918918919,0.0186234056770863,-0.184300821630402,-0.879974979561985,156,"OCLN; BICC1; ID2; PRXL2A; DAB2; RNF130; LMBRD1; FST; BMP2; ENPP5; WLS; TMPRSS2; SGCE; LOXL2; ENPEP; KLB; APP; GPRC5C; TUFT1; IGFBP4; SLC40A1; RNF128; CCN1; TTR; GPC3; GLIPR1; DSP; RAB33B; P4HA1; HS3ST1; SELENOP; IRS2; PTH1R; RAB11FIP5; ADAM10; APOM; EFNA1; CITED2; GGTA1; AMOT; DPP4; CD55; CHRNB1; COL2A1; GPX3; PRICKLE1; VIL1; RETREG1; P4HA2; LPAR3; MYO7A; MYO6; PRSS8; SLCO2A1"
"PDGF_ERK_DN.V1_UP",0.78780487804878,0.822624983155909,0.0181364739284413,-0.185534387953635,-0.863116293698,129,"PMP22; RALYL; KBTBD11; RBM3; SERINC1; MID1; FLI1; LUZP2; EXOSC8; TSPAN5; RPS20P14; SWAP70; NTNG1; C17orf75; LMAN1; ZNF84; EXOSC10; STX12; CFDP1; MAML3"
"TGFB_UP.V1_UP",0.846802385358832,0.879371707872633,0.01724432901583,-0.176783781207223,-0.846522937352033,159,"PMP22; DLC1; RGCC; KLF10; MMD; TRIB1; SMURF1; SGK1; MPZL2; MAFB; CAPRIN2; TBX3; CARF; STC1; FOXD1; SSBP3; YIPF5; WNT3; UBL3; CDK17; BHLHE40; PFKFB3; TMEM268; ITGA5; ZFP36L1; MTRF1"
"BCAT_BILD_ET_AL_UP",0.852215760978544,0.880157261338497,0.016782878375009,0.207088427017833,0.769960592478774,41,"CALR; FHDC1; CD151; C4orf36; CD2BP2"
"TBK1.DN.48HRS_DN",0.870562425209414,0.894219012850974,0.0163938864855964,-0.19698900841112,-0.761272210382772,48,"PSMB8; DCK; CTNNAL1; UFM1; ANKRD10; BIRC2; BIRC5; PDHX; ATG3; BPHL; MAPK9; EGF; TOR1A; RALA; CDK1; AKAP8; DUSP4; TERF2IP; H2AZ2; RGS2; CRYZ; DUSP22; PPOX"
"SRC_UP.V1_DN",0.893600314095014,0.912921401967338,0.0157850081634717,0.173915403739467,0.810757361280227,133,"MON1A; RFTN1; WT1-AS; COBL; POP1; LYPD3; GTF2H2; PHLDA2; NRP1; MAP3K6; POLR1A; ADA; PC; DISP2; NOL12; NFKBIE; COQ4; GDPD3; GRID1; EIF3CL; IRAK2"
"ESC_J1_UP_EARLY.V1_UP",0.900877014073017,0.915407288493549,0.0162217337048329,-0.171685130411605,-0.812324860044542,146,"CXCL12; ACSS1; CDKN1B; COLQ; ZIC2; DAB2; LMBRD1; ENPP5; HEY1; RPL22; TRIB2; DRAM2; STC1; LOXL2; ADM; PCMTD2; DENND6A; PRXL2C; THRA; NGLY1; TTR; ADTRP; NDRG1; CUL4A; MPP2; CDHR1; P4HA1; TXNDC16; PDK4; PLPP3; FGF14; COQ8A; NARF; PIGC; ZFPM2; CHRNB1; NSG1; TSHZ1; GDE1; ETFBKMT; NR1D1; RETREG1; P4HA2; NAGS; PRSS8; PHF21A; NEK2; DLL1; TMEM38A; GADD45B"
"GCNP_SHH_UP_LATE.V1_UP",0.916165340578304,0.925963900370585,0.015257614604989,0.167125279069778,0.804956830161453,163,"CD6; MDN1; POLA2; FTSJ3; MRPL18; NPTX1; ELOVL2; THOP1; NTMT1; PFDN6; MRTO4; ZNF638; NOP56; PSMC3IP; EIF3A; HNF1A; BOK; PLK2; MUC1; GART; KIFC1; SARDH; POLRMT; NXF1; PTCD3; AURKB; PLEKHA7; CREM; PAN2; LLGL2; COX7B; SMC4; DIDO1; C1orf174; P2RY2; USP39; SLC7A6; CKS2; NPAS1; MCM10; DDX39A; TIMM8A; PRC1; INCENP"
"GLI1_UP.V1_DN",0.92176386913229,0.926666868436185,0.0158360249713938,0.222552967548194,0.642685269208977,15,"ESYT1; YIPF1; RUNX1; RNF10; SEPTIN9; SPECC1; PPIL1; BTBD16"
"PGF_UP.V1_DN",0.954669792887847,0.954669792887847,0.0147615509813077,0.161341592580972,0.771653934853654,156,"VGF; CEACAM6; DHX34; MAP1A; IRF2BP1; PRPF19; ZFHX2; GNB3; CDC20; PITX3; RFNG; DHCR24; TPTEP1; RELB; LY6E; KCNN4; CLPTM1; MTSS2; PKP3; LTK; TOP3B; HOMER2; TRIO; IGFBP2; SHH; OGDH; SVEP1; SNX29; TAOK2; NFKB2; SLC29A2; SPTB"
